"rho","median_N","selected","rep","retained","solver_excluded"
0.1,100,FALSE,1,116,0
0.1,100,FALSE,2,113,0
0.1,100,FALSE,3,121,0
0.1,100,FALSE,4,120,0
0.1,100,FALSE,5,122,0
0.1,100,FALSE,6,129,0
0.1,100,FALSE,7,123,0
0.1,100,FALSE,8,132,0
0.1,100,FALSE,9,117,0
0.1,100,FALSE,10,123,0
0.1,100,FALSE,11,136,0
0.1,100,FALSE,12,122,0
0.1,100,FALSE,13,124,0
0.1,100,FALSE,14,116,1
0.1,100,FALSE,15,122,0
0.1,100,FALSE,16,117,0
0.1,100,FALSE,17,123,0
0.1,100,FALSE,18,110,0
0.1,100,FALSE,19,121,0
0.1,100,FALSE,20,128,0
0.1,100,FALSE,21,126,0
0.1,100,FALSE,22,129,0
0.1,100,FALSE,23,120,0
0.1,100,FALSE,24,126,0
0.1,100,FALSE,25,133,0
0.1,100,FALSE,26,133,0
0.1,100,FALSE,27,130,0
0.1,100,FALSE,28,120,0
0.1,100,FALSE,29,122,0
0.1,100,FALSE,30,137,0
0.1,100,FALSE,31,126,0
0.1,100,FALSE,32,131,0
0.1,100,FALSE,33,132,0
0.1,100,FALSE,34,125,0
0.1,100,FALSE,35,117,0
0.1,100,FALSE,36,118,0
0.1,100,FALSE,37,120,0
0.1,100,FALSE,38,135,0
0.1,100,FALSE,39,115,0
0.1,100,FALSE,40,127,0
0.1,100,FALSE,41,116,0
0.1,100,FALSE,42,133,0
0.1,100,FALSE,43,124,0
0.1,100,FALSE,44,117,0
0.1,100,FALSE,45,127,0
0.1,100,FALSE,46,110,0
0.1,100,FALSE,47,125,0
0.1,100,FALSE,48,123,0
0.1,100,FALSE,49,119,0
0.1,100,FALSE,50,122,0
0.1,100,FALSE,51,114,0
0.1,100,FALSE,52,122,0
0.1,100,FALSE,53,122,0
0.1,100,FALSE,54,122,1
0.1,100,FALSE,55,116,0
0.1,100,FALSE,56,121,0
0.1,100,FALSE,57,121,0
0.1,100,FALSE,58,121,0
0.1,100,FALSE,59,117,0
0.1,100,FALSE,60,111,0
0.1,100,FALSE,61,121,0
0.1,100,FALSE,62,122,0
0.1,100,FALSE,63,122,0
0.1,100,FALSE,64,121,0
0.1,100,FALSE,65,123,1
0.1,100,FALSE,66,117,0
0.1,100,FALSE,67,109,0
0.1,100,FALSE,68,125,0
0.1,100,FALSE,69,113,0
0.1,100,FALSE,70,119,0
0.1,100,FALSE,71,121,0
0.1,100,FALSE,72,128,0
0.1,100,FALSE,73,136,0
0.1,100,FALSE,74,110,0
0.1,100,FALSE,75,119,0
0.1,100,FALSE,76,112,0
0.1,100,FALSE,77,112,0
0.1,100,FALSE,78,121,0
0.1,100,FALSE,79,124,0
0.1,100,FALSE,80,130,0
0.1,100,FALSE,81,122,0
0.1,100,FALSE,82,131,0
0.1,100,FALSE,83,122,0
0.1,100,FALSE,84,139,0
0.1,100,FALSE,85,117,0
0.1,100,FALSE,86,130,0
0.1,100,FALSE,87,128,0
0.1,100,FALSE,88,124,0
0.1,100,FALSE,89,127,0
0.1,100,FALSE,90,126,0
0.1,100,FALSE,91,133,0
0.1,100,FALSE,92,127,0
0.1,100,FALSE,93,131,0
0.1,100,FALSE,94,119,0
0.1,100,FALSE,95,115,0
0.1,100,FALSE,96,124,0
0.1,100,FALSE,97,117,0
0.1,100,FALSE,98,115,0
0.1,100,FALSE,99,125,1
0.1,100,FALSE,100,133,0
0.3,100,FALSE,1,188,0
0.3,100,FALSE,2,191,0
0.3,100,FALSE,3,197,0
0.3,100,FALSE,4,189,0
0.3,100,FALSE,5,191,0
0.3,100,FALSE,6,193,0
0.3,100,FALSE,7,189,0
0.3,100,FALSE,8,193,0
0.3,100,FALSE,9,188,0
0.3,100,FALSE,10,193,0
0.3,100,FALSE,11,197,0
0.3,100,FALSE,12,191,0
0.3,100,FALSE,13,192,0
0.3,100,FALSE,14,197,0
0.3,100,FALSE,15,194,0
0.3,100,FALSE,16,191,0
0.3,100,FALSE,17,193,0
0.3,100,FALSE,18,190,0
0.3,100,FALSE,19,195,0
0.3,100,FALSE,20,191,0
0.3,100,FALSE,21,189,0
0.3,100,FALSE,22,188,0
0.3,100,FALSE,23,194,0
0.3,100,FALSE,24,191,0
0.3,100,FALSE,25,194,0
0.3,100,FALSE,26,190,0
0.3,100,FALSE,27,194,0
0.3,100,FALSE,28,197,0
0.3,100,FALSE,29,188,0
0.3,100,FALSE,30,190,0
0.3,100,FALSE,31,187,0
0.3,100,FALSE,32,193,0
0.3,100,FALSE,33,186,0
0.3,100,FALSE,34,192,0
0.3,100,FALSE,35,191,0
0.3,100,FALSE,36,197,0
0.3,100,FALSE,37,190,0
0.3,100,FALSE,38,192,0
0.3,100,FALSE,39,186,0
0.3,100,FALSE,40,188,0
0.3,100,FALSE,41,181,0
0.3,100,FALSE,42,191,0
0.3,100,FALSE,43,190,0
0.3,100,FALSE,44,190,0
0.3,100,FALSE,45,195,0
0.3,100,FALSE,46,196,0
0.3,100,FALSE,47,190,0
0.3,100,FALSE,48,193,0
0.3,100,FALSE,49,189,0
0.3,100,FALSE,50,188,0
0.3,100,FALSE,51,192,0
0.3,100,FALSE,52,192,0
0.3,100,FALSE,53,195,0
0.3,100,FALSE,54,189,0
0.3,100,FALSE,55,190,0
0.3,100,FALSE,56,193,0
0.3,100,FALSE,57,188,0
0.3,100,FALSE,58,187,0
0.3,100,FALSE,59,194,0
0.3,100,FALSE,60,192,0
0.3,100,FALSE,61,191,0
0.3,100,FALSE,62,189,0
0.3,100,FALSE,63,191,0
0.3,100,FALSE,64,188,0
0.3,100,FALSE,65,189,0
0.3,100,FALSE,66,186,0
0.3,100,FALSE,67,192,0
0.3,100,FALSE,68,187,0
0.3,100,FALSE,69,187,0
0.3,100,FALSE,70,192,0
0.3,100,FALSE,71,186,0
0.3,100,FALSE,72,190,0
0.3,100,FALSE,73,189,0
0.3,100,FALSE,74,189,0
0.3,100,FALSE,75,189,0
0.3,100,FALSE,76,196,0
0.3,100,FALSE,77,187,0
0.3,100,FALSE,78,191,0
0.3,100,FALSE,79,192,0
0.3,100,FALSE,80,196,0
0.3,100,FALSE,81,193,0
0.3,100,FALSE,82,194,0
0.3,100,FALSE,83,194,0
0.3,100,FALSE,84,184,0
0.3,100,FALSE,85,187,0
0.3,100,FALSE,86,189,0
0.3,100,FALSE,87,195,0
0.3,100,FALSE,88,191,0
0.3,100,FALSE,89,191,0
0.3,100,FALSE,90,194,0
0.3,100,FALSE,91,189,0
0.3,100,FALSE,92,195,0
0.3,100,FALSE,93,186,0
0.3,100,FALSE,94,195,0
0.3,100,FALSE,95,190,0
0.3,100,FALSE,96,188,0
0.3,100,FALSE,97,187,0
0.3,100,FALSE,98,183,0
0.3,100,FALSE,99,191,0
0.3,100,FALSE,100,191,0
0.1,500,FALSE,1,178,1
0.1,500,FALSE,2,175,1
0.1,500,FALSE,3,179,0
0.1,500,FALSE,4,176,0
0.1,500,FALSE,5,188,0
0.1,500,FALSE,6,177,0
0.1,500,FALSE,7,180,0
0.1,500,FALSE,8,173,0
0.1,500,FALSE,9,172,0
0.1,500,FALSE,10,178,0
0.1,500,FALSE,11,177,0
0.1,500,FALSE,12,176,0
0.1,500,FALSE,13,172,0
0.1,500,FALSE,14,182,0
0.1,500,FALSE,15,177,0
0.1,500,FALSE,16,172,0
0.1,500,FALSE,17,169,0
0.1,500,FALSE,18,176,0
0.1,500,FALSE,19,179,0
0.1,500,FALSE,20,174,0
0.1,500,FALSE,21,178,0
0.1,500,FALSE,22,170,0
0.1,500,FALSE,23,177,0
0.1,500,FALSE,24,171,0
0.1,500,FALSE,25,185,0
0.1,500,FALSE,26,175,0
0.1,500,FALSE,27,181,0
0.1,500,FALSE,28,184,0
0.1,500,FALSE,29,179,0
0.1,500,FALSE,30,175,0
0.1,500,FALSE,31,179,0
0.1,500,FALSE,32,173,0
0.1,500,FALSE,33,185,0
0.1,500,FALSE,34,176,0
0.1,500,FALSE,35,177,0
0.1,500,FALSE,36,175,0
0.1,500,FALSE,37,179,0
0.1,500,FALSE,38,174,0
0.1,500,FALSE,39,178,0
0.1,500,FALSE,40,183,0
0.1,500,FALSE,41,176,0
0.1,500,FALSE,42,175,0
0.1,500,FALSE,43,182,0
0.1,500,FALSE,44,174,0
0.1,500,FALSE,45,174,0
0.1,500,FALSE,46,176,0
0.1,500,FALSE,47,179,0
0.1,500,FALSE,48,178,0
0.1,500,FALSE,49,173,0
0.1,500,FALSE,50,182,0
0.1,500,FALSE,51,176,0
0.1,500,FALSE,52,188,0
0.1,500,FALSE,53,177,0
0.1,500,FALSE,54,175,0
0.1,500,FALSE,55,179,0
0.1,500,FALSE,56,184,0
0.1,500,FALSE,57,170,0
0.1,500,FALSE,58,168,0
0.1,500,FALSE,59,178,0
0.1,500,FALSE,60,174,0
0.1,500,FALSE,61,171,0
0.1,500,FALSE,62,184,0
0.1,500,FALSE,63,186,0
0.1,500,FALSE,64,169,0
0.1,500,FALSE,65,176,0
0.1,500,FALSE,66,174,1
0.1,500,FALSE,67,181,0
0.1,500,FALSE,68,177,0
0.1,500,FALSE,69,177,0
0.1,500,FALSE,70,179,0
0.1,500,FALSE,71,170,0
0.1,500,FALSE,72,179,0
0.1,500,FALSE,73,170,0
0.1,500,FALSE,74,169,0
0.1,500,FALSE,75,182,0
0.1,500,FALSE,76,181,0
0.1,500,FALSE,77,180,0
0.1,500,FALSE,78,177,0
0.1,500,FALSE,79,180,0
0.1,500,FALSE,80,180,0
0.1,500,FALSE,81,177,0
0.1,500,FALSE,82,179,0
0.1,500,FALSE,83,185,0
0.1,500,FALSE,84,169,0
0.1,500,FALSE,85,177,0
0.1,500,FALSE,86,187,0
0.1,500,FALSE,87,178,0
0.1,500,FALSE,88,183,0
0.1,500,FALSE,89,171,0
0.1,500,FALSE,90,179,0
0.1,500,FALSE,91,182,0
0.1,500,FALSE,92,180,0
0.1,500,FALSE,93,173,1
0.1,500,FALSE,94,179,0
0.1,500,FALSE,95,179,0
0.1,500,FALSE,96,174,0
0.1,500,FALSE,97,177,0
0.1,500,FALSE,98,184,0
0.1,500,FALSE,99,171,0
0.1,500,FALSE,100,171,0
0.3,500,FALSE,1,200,0
0.3,500,FALSE,2,200,0
0.3,500,FALSE,3,200,0
0.3,500,FALSE,4,200,0
0.3,500,FALSE,5,200,0
0.3,500,FALSE,6,200,0
0.3,500,FALSE,7,200,0
0.3,500,FALSE,8,200,0
0.3,500,FALSE,9,199,0
0.3,500,FALSE,10,200,0
0.3,500,FALSE,11,200,0
0.3,500,FALSE,12,200,0
0.3,500,FALSE,13,200,0
0.3,500,FALSE,14,199,0
0.3,500,FALSE,15,200,0
0.3,500,FALSE,16,199,0
0.3,500,FALSE,17,200,0
0.3,500,FALSE,18,200,0
0.3,500,FALSE,19,200,0
0.3,500,FALSE,20,200,0
0.3,500,FALSE,21,200,0
0.3,500,FALSE,22,199,0
0.3,500,FALSE,23,200,0
0.3,500,FALSE,24,200,0
0.3,500,FALSE,25,200,0
0.3,500,FALSE,26,200,0
0.3,500,FALSE,27,200,0
0.3,500,FALSE,28,200,0
0.3,500,FALSE,29,200,0
0.3,500,FALSE,30,200,0
0.3,500,FALSE,31,200,0
0.3,500,FALSE,32,200,0
0.3,500,FALSE,33,199,0
0.3,500,FALSE,34,200,0
0.3,500,FALSE,35,200,0
0.3,500,FALSE,36,200,0
0.3,500,FALSE,37,200,0
0.3,500,FALSE,38,200,0
0.3,500,FALSE,39,199,0
0.3,500,FALSE,40,200,0
0.3,500,FALSE,41,200,0
0.3,500,FALSE,42,199,0
0.3,500,FALSE,43,200,0
0.3,500,FALSE,44,200,0
0.3,500,FALSE,45,200,0
0.3,500,FALSE,46,200,0
0.3,500,FALSE,47,200,0
0.3,500,FALSE,48,200,0
0.3,500,FALSE,49,200,0
0.3,500,FALSE,50,200,0
0.3,500,FALSE,51,200,0
0.3,500,FALSE,52,200,0
0.3,500,FALSE,53,200,0
0.3,500,FALSE,54,200,0
0.3,500,FALSE,55,200,0
0.3,500,FALSE,56,200,0
0.3,500,FALSE,57,200,0
0.3,500,FALSE,58,200,0
0.3,500,FALSE,59,199,0
0.3,500,FALSE,60,200,0
0.3,500,FALSE,61,200,0
0.3,500,FALSE,62,200,0
0.3,500,FALSE,63,200,0
0.3,500,FALSE,64,200,0
0.3,500,FALSE,65,200,0
0.3,500,FALSE,66,200,0
0.3,500,FALSE,67,199,0
0.3,500,FALSE,68,200,0
0.3,500,FALSE,69,199,0
0.3,500,FALSE,70,200,0
0.3,500,FALSE,71,200,0
0.3,500,FALSE,72,200,0
0.3,500,FALSE,73,200,0
0.3,500,FALSE,74,200,0
0.3,500,FALSE,75,200,0
0.3,500,FALSE,76,199,0
0.3,500,FALSE,77,200,0
0.3,500,FALSE,78,199,0
0.3,500,FALSE,79,200,0
0.3,500,FALSE,80,200,0
0.3,500,FALSE,81,200,0
0.3,500,FALSE,82,200,0
0.3,500,FALSE,83,199,0
0.3,500,FALSE,84,199,0
0.3,500,FALSE,85,200,0
0.3,500,FALSE,86,200,0
0.3,500,FALSE,87,200,0
0.3,500,FALSE,88,200,0
0.3,500,FALSE,89,200,0
0.3,500,FALSE,90,200,0
0.3,500,FALSE,91,200,0
0.3,500,FALSE,92,200,0
0.3,500,FALSE,93,200,0
0.3,500,FALSE,94,200,0
0.3,500,FALSE,95,200,0
0.3,500,FALSE,96,200,0
0.3,500,FALSE,97,200,0
0.3,500,FALSE,98,200,0
0.3,500,FALSE,99,200,0
0.3,500,FALSE,100,200,0
0.1,100,TRUE,1,48,0
0.1,100,TRUE,2,38,0
0.1,100,TRUE,3,51,0
0.1,100,TRUE,4,34,0
0.1,100,TRUE,5,39,0
0.1,100,TRUE,6,40,0
0.1,100,TRUE,7,39,0
0.1,100,TRUE,8,33,0
0.1,100,TRUE,9,35,0
0.1,100,TRUE,10,34,0
0.1,100,TRUE,11,43,0
0.1,100,TRUE,12,34,0
0.1,100,TRUE,13,36,0
0.1,100,TRUE,14,43,0
0.1,100,TRUE,15,49,0
0.1,100,TRUE,16,30,0
0.1,100,TRUE,17,40,0
0.1,100,TRUE,18,53,0
0.1,100,TRUE,19,45,0
0.1,100,TRUE,20,40,0
0.1,100,TRUE,21,44,0
0.1,100,TRUE,22,42,0
0.1,100,TRUE,23,38,0
0.1,100,TRUE,24,40,0
0.1,100,TRUE,25,39,0
0.1,100,TRUE,26,40,0
0.1,100,TRUE,27,42,0
0.1,100,TRUE,28,36,0
0.1,100,TRUE,29,37,0
0.1,100,TRUE,30,31,0
0.1,100,TRUE,31,45,0
0.1,100,TRUE,32,43,0
0.1,100,TRUE,33,38,0
0.1,100,TRUE,34,39,0
0.1,100,TRUE,35,34,0
0.1,100,TRUE,36,42,0
0.1,100,TRUE,37,35,0
0.1,100,TRUE,38,38,0
0.1,100,TRUE,39,36,0
0.1,100,TRUE,40,39,0
0.1,100,TRUE,41,42,0
0.1,100,TRUE,42,43,0
0.1,100,TRUE,43,43,0
0.1,100,TRUE,44,43,0
0.1,100,TRUE,45,34,0
0.1,100,TRUE,46,41,0
0.1,100,TRUE,47,43,0
0.1,100,TRUE,48,44,0
0.1,100,TRUE,49,54,0
0.1,100,TRUE,50,43,0
0.1,100,TRUE,51,39,0
0.1,100,TRUE,52,41,0
0.1,100,TRUE,53,35,0
0.1,100,TRUE,54,41,0
0.1,100,TRUE,55,46,0
0.1,100,TRUE,56,43,0
0.1,100,TRUE,57,48,0
0.1,100,TRUE,58,36,0
0.1,100,TRUE,59,48,0
0.1,100,TRUE,60,36,0
0.1,100,TRUE,61,38,0
0.1,100,TRUE,62,41,0
0.1,100,TRUE,63,37,0
0.1,100,TRUE,64,57,0
0.1,100,TRUE,65,46,0
0.1,100,TRUE,66,52,0
0.1,100,TRUE,67,41,0
0.1,100,TRUE,68,33,0
0.1,100,TRUE,69,44,0
0.1,100,TRUE,70,36,0
0.1,100,TRUE,71,38,0
0.1,100,TRUE,72,48,0
0.1,100,TRUE,73,41,0
0.1,100,TRUE,74,40,0
0.1,100,TRUE,75,43,0
0.1,100,TRUE,76,51,0
0.1,100,TRUE,77,41,0
0.1,100,TRUE,78,44,0
0.1,100,TRUE,79,40,0
0.1,100,TRUE,80,50,0
0.1,100,TRUE,81,40,0
0.1,100,TRUE,82,40,0
0.1,100,TRUE,83,49,0
0.1,100,TRUE,84,45,0
0.1,100,TRUE,85,50,0
0.1,100,TRUE,86,42,0
0.1,100,TRUE,87,32,0
0.1,100,TRUE,88,34,0
0.1,100,TRUE,89,34,0
0.1,100,TRUE,90,41,0
0.1,100,TRUE,91,40,0
0.1,100,TRUE,92,48,0
0.1,100,TRUE,93,46,0
0.1,100,TRUE,94,50,0
0.1,100,TRUE,95,51,0
0.1,100,TRUE,96,42,0
0.1,100,TRUE,97,30,0
0.1,100,TRUE,98,44,0
0.1,100,TRUE,99,39,0
0.1,100,TRUE,100,38,0
0.3,100,TRUE,1,169,0
0.3,100,TRUE,2,156,0
0.3,100,TRUE,3,162,0
0.3,100,TRUE,4,170,0
0.3,100,TRUE,5,151,0
0.3,100,TRUE,6,166,0
0.3,100,TRUE,7,168,0
0.3,100,TRUE,8,155,0
0.3,100,TRUE,9,157,0
0.3,100,TRUE,10,165,0
0.3,100,TRUE,11,158,0
0.3,100,TRUE,12,156,0
0.3,100,TRUE,13,164,0
0.3,100,TRUE,14,158,0
0.3,100,TRUE,15,150,0
0.3,100,TRUE,16,154,0
0.3,100,TRUE,17,164,0
0.3,100,TRUE,18,158,0
0.3,100,TRUE,19,165,0
0.3,100,TRUE,20,164,0
0.3,100,TRUE,21,162,0
0.3,100,TRUE,22,165,0
0.3,100,TRUE,23,159,0
0.3,100,TRUE,24,164,0
0.3,100,TRUE,25,162,0
0.3,100,TRUE,26,166,0
0.3,100,TRUE,27,163,0
0.3,100,TRUE,28,153,0
0.3,100,TRUE,29,149,0
0.3,100,TRUE,30,165,0
0.3,100,TRUE,31,162,0
0.3,100,TRUE,32,169,0
0.3,100,TRUE,33,158,0
0.3,100,TRUE,34,166,0
0.3,100,TRUE,35,167,0
0.3,100,TRUE,36,162,0
0.3,100,TRUE,37,172,0
0.3,100,TRUE,38,161,0
0.3,100,TRUE,39,158,0
0.3,100,TRUE,40,162,0
0.3,100,TRUE,41,165,0
0.3,100,TRUE,42,164,0
0.3,100,TRUE,43,163,0
0.3,100,TRUE,44,157,0
0.3,100,TRUE,45,164,0
0.3,100,TRUE,46,161,0
0.3,100,TRUE,47,155,0
0.3,100,TRUE,48,151,0
0.3,100,TRUE,49,150,0
0.3,100,TRUE,50,166,0
0.3,100,TRUE,51,166,0
0.3,100,TRUE,52,157,0
0.3,100,TRUE,53,151,0
0.3,100,TRUE,54,154,0
0.3,100,TRUE,55,153,0
0.3,100,TRUE,56,163,0
0.3,100,TRUE,57,161,0
0.3,100,TRUE,58,160,0
0.3,100,TRUE,59,158,0
0.3,100,TRUE,60,164,0
0.3,100,TRUE,61,154,0
0.3,100,TRUE,62,158,0
0.3,100,TRUE,63,160,0
0.3,100,TRUE,64,162,0
0.3,100,TRUE,65,166,0
0.3,100,TRUE,66,164,0
0.3,100,TRUE,67,165,0
0.3,100,TRUE,68,157,0
0.3,100,TRUE,69,152,0
0.3,100,TRUE,70,166,0
0.3,100,TRUE,71,155,0
0.3,100,TRUE,72,162,0
0.3,100,TRUE,73,153,0
0.3,100,TRUE,74,157,0
0.3,100,TRUE,75,160,0
0.3,100,TRUE,76,158,0
0.3,100,TRUE,77,162,0
0.3,100,TRUE,78,164,0
0.3,100,TRUE,79,163,0
0.3,100,TRUE,80,157,0
0.3,100,TRUE,81,167,0
0.3,100,TRUE,82,166,0
0.3,100,TRUE,83,161,0
0.3,100,TRUE,84,160,0
0.3,100,TRUE,85,156,0
0.3,100,TRUE,86,158,0
0.3,100,TRUE,87,156,0
0.3,100,TRUE,88,167,0
0.3,100,TRUE,89,156,0
0.3,100,TRUE,90,171,0
0.3,100,TRUE,91,167,0
0.3,100,TRUE,92,159,0
0.3,100,TRUE,93,157,0
0.3,100,TRUE,94,167,0
0.3,100,TRUE,95,161,0
0.3,100,TRUE,96,163,0
0.3,100,TRUE,97,166,0
0.3,100,TRUE,98,156,0
0.3,100,TRUE,99,169,0
0.3,100,TRUE,100,161,0
0.1,500,TRUE,1,119,0
0.1,500,TRUE,2,122,0
0.1,500,TRUE,3,115,0
0.1,500,TRUE,4,125,0
0.1,500,TRUE,5,130,0
0.1,500,TRUE,6,130,0
0.1,500,TRUE,7,127,0
0.1,500,TRUE,8,112,0
0.1,500,TRUE,9,122,0
0.1,500,TRUE,10,120,0
0.1,500,TRUE,11,131,0
0.1,500,TRUE,12,116,0
0.1,500,TRUE,13,128,0
0.1,500,TRUE,14,126,0
0.1,500,TRUE,15,131,0
0.1,500,TRUE,16,119,0
0.1,500,TRUE,17,130,0
0.1,500,TRUE,18,116,0
0.1,500,TRUE,19,129,0
0.1,500,TRUE,20,133,0
0.1,500,TRUE,21,127,0
0.1,500,TRUE,22,119,0
0.1,500,TRUE,23,126,0
0.1,500,TRUE,24,106,0
0.1,500,TRUE,25,114,0
0.1,500,TRUE,26,130,0
0.1,500,TRUE,27,124,0
0.1,500,TRUE,28,110,0
0.1,500,TRUE,29,138,0
0.1,500,TRUE,30,124,0
0.1,500,TRUE,31,128,0
0.1,500,TRUE,32,114,0
0.1,500,TRUE,33,121,0
0.1,500,TRUE,34,113,0
0.1,500,TRUE,35,115,0
0.1,500,TRUE,36,111,0
0.1,500,TRUE,37,116,0
0.1,500,TRUE,38,128,0
0.1,500,TRUE,39,128,0
0.1,500,TRUE,40,120,0
0.1,500,TRUE,41,131,0
0.1,500,TRUE,42,117,0
0.1,500,TRUE,43,127,0
0.1,500,TRUE,44,129,0
0.1,500,TRUE,45,111,0
0.1,500,TRUE,46,121,0
0.1,500,TRUE,47,119,0
0.1,500,TRUE,48,127,0
0.1,500,TRUE,49,120,0
0.1,500,TRUE,50,115,0
0.1,500,TRUE,51,127,0
0.1,500,TRUE,52,119,0
0.1,500,TRUE,53,119,0
0.1,500,TRUE,54,115,0
0.1,500,TRUE,55,116,0
0.1,500,TRUE,56,121,0
0.1,500,TRUE,57,127,0
0.1,500,TRUE,58,132,0
0.1,500,TRUE,59,123,0
0.1,500,TRUE,60,124,0
0.1,500,TRUE,61,118,0
0.1,500,TRUE,62,123,0
0.1,500,TRUE,63,119,0
0.1,500,TRUE,64,106,0
0.1,500,TRUE,65,123,0
0.1,500,TRUE,66,126,0
0.1,500,TRUE,67,118,0
0.1,500,TRUE,68,122,0
0.1,500,TRUE,69,122,0
0.1,500,TRUE,70,118,0
0.1,500,TRUE,71,125,0
0.1,500,TRUE,72,131,0
0.1,500,TRUE,73,112,0
0.1,500,TRUE,74,115,0
0.1,500,TRUE,75,128,0
0.1,500,TRUE,76,125,0
0.1,500,TRUE,77,128,0
0.1,500,TRUE,78,118,0
0.1,500,TRUE,79,109,0
0.1,500,TRUE,80,124,0
0.1,500,TRUE,81,114,0
0.1,500,TRUE,82,130,0
0.1,500,TRUE,83,119,0
0.1,500,TRUE,84,121,0
0.1,500,TRUE,85,119,0
0.1,500,TRUE,86,132,0
0.1,500,TRUE,87,116,0
0.1,500,TRUE,88,128,0
0.1,500,TRUE,89,127,0
0.1,500,TRUE,90,131,0
0.1,500,TRUE,91,128,0
0.1,500,TRUE,92,114,0
0.1,500,TRUE,93,132,0
0.1,500,TRUE,94,116,0
0.1,500,TRUE,95,126,0
0.1,500,TRUE,96,126,0
0.1,500,TRUE,97,129,0
0.1,500,TRUE,98,119,0
0.1,500,TRUE,99,129,0
0.1,500,TRUE,100,122,0
0.3,500,TRUE,1,200,0
0.3,500,TRUE,2,199,0
0.3,500,TRUE,3,199,0
0.3,500,TRUE,4,199,0
0.3,500,TRUE,5,198,0
0.3,500,TRUE,6,198,0
0.3,500,TRUE,7,199,0
0.3,500,TRUE,8,199,0
0.3,500,TRUE,9,199,0
0.3,500,TRUE,10,199,0
0.3,500,TRUE,11,199,0
0.3,500,TRUE,12,199,0
0.3,500,TRUE,13,200,0
0.3,500,TRUE,14,199,0
0.3,500,TRUE,15,199,0
0.3,500,TRUE,16,200,0
0.3,500,TRUE,17,197,0
0.3,500,TRUE,18,199,0
0.3,500,TRUE,19,199,0
0.3,500,TRUE,20,199,0
0.3,500,TRUE,21,199,0
0.3,500,TRUE,22,196,0
0.3,500,TRUE,23,198,0
0.3,500,TRUE,24,198,0
0.3,500,TRUE,25,197,0
0.3,500,TRUE,26,197,0
0.3,500,TRUE,27,200,0
0.3,500,TRUE,28,198,0
0.3,500,TRUE,29,195,0
0.3,500,TRUE,30,196,0
0.3,500,TRUE,31,199,0
0.3,500,TRUE,32,198,0
0.3,500,TRUE,33,200,0
0.3,500,TRUE,34,200,0
0.3,500,TRUE,35,199,0
0.3,500,TRUE,36,200,0
0.3,500,TRUE,37,199,0
0.3,500,TRUE,38,200,0
0.3,500,TRUE,39,200,0
0.3,500,TRUE,40,200,0
0.3,500,TRUE,41,199,0
0.3,500,TRUE,42,200,0
0.3,500,TRUE,43,198,0
0.3,500,TRUE,44,200,0
0.3,500,TRUE,45,197,0
0.3,500,TRUE,46,199,0
0.3,500,TRUE,47,199,0
0.3,500,TRUE,48,200,0
0.3,500,TRUE,49,200,0
0.3,500,TRUE,50,200,0
0.3,500,TRUE,51,198,0
0.3,500,TRUE,52,199,0
0.3,500,TRUE,53,200,0
0.3,500,TRUE,54,198,0
0.3,500,TRUE,55,200,0
0.3,500,TRUE,56,197,0
0.3,500,TRUE,57,199,0
0.3,500,TRUE,58,198,0
0.3,500,TRUE,59,199,0
0.3,500,TRUE,60,200,0
0.3,500,TRUE,61,198,0
0.3,500,TRUE,62,199,0
0.3,500,TRUE,63,199,0
0.3,500,TRUE,64,198,0
0.3,500,TRUE,65,200,0
0.3,500,TRUE,66,198,0
0.3,500,TRUE,67,200,0
0.3,500,TRUE,68,198,0
0.3,500,TRUE,69,198,0
0.3,500,TRUE,70,197,0
0.3,500,TRUE,71,200,0
0.3,500,TRUE,72,199,0
0.3,500,TRUE,73,200,0
0.3,500,TRUE,74,199,0
0.3,500,TRUE,75,199,0
0.3,500,TRUE,76,198,0
0.3,500,TRUE,77,200,0
0.3,500,TRUE,78,198,0
0.3,500,TRUE,79,197,0
0.3,500,TRUE,80,200,0
0.3,500,TRUE,81,198,0
0.3,500,TRUE,82,197,0
0.3,500,TRUE,83,199,0
0.3,500,TRUE,84,199,0
0.3,500,TRUE,85,198,0
0.3,500,TRUE,86,199,0
0.3,500,TRUE,87,198,0
0.3,500,TRUE,88,199,0
0.3,500,TRUE,89,200,0
0.3,500,TRUE,90,197,0
0.3,500,TRUE,91,199,0
0.3,500,TRUE,92,200,0
0.3,500,TRUE,93,200,0
0.3,500,TRUE,94,198,0
0.3,500,TRUE,95,199,0
0.3,500,TRUE,96,199,0
0.3,500,TRUE,97,199,0
0.3,500,TRUE,98,200,0
0.3,500,TRUE,99,197,0
0.3,500,TRUE,100,200,0
