"claim_id","orig_conv_r","orig_sample_size_value","orig_stat_type","orig_stat_value","orig_stat_dof_1","repli_type","repli_sample_size_value","repli_conv_r","repli_score_criteria_met","t_from_stat","t_from_r","t_orig","t_source","abs_t","safeguard_defined","markup_closedform","r_sg","N_naive","N_safeguard_exact","N_safeguard_closedform","ratio_obs_safeguard","met_safeguard"
"0qar_single-trace",0.376583421066466,43,"t",2.634483,NA,"new data",127,0.00731157824858961,FALSE,2.634483,2.60293116719653,2.634483,"direct_stat",2.634483,TRUE,2.15922146706924,0.256278752795284,53,117,114.43873775467,1.08547008547009,TRUE
"0wWk_single-trace",-0.121488416475355,217504,"z",-27.23926,NA,"secondary data",319719,-0.109040209815738,TRUE,-27.23926,-57.0814972966258,-27.23926,"direct_stat",27.23926,TRUE,1.06478137775618,-0.117734745085647,529,564,563.269348833017,566.877659574468,TRUE
"1574_single-trace",0.573546348617737,157,"chi_squared",51.646,NA,"new data",198,0.697565292994517,TRUE,NA,8.71683208118627,8.71683208118627,"r_conversion",8.71683208118627,TRUE,1.22516048017029,0.518169718560042,21,27,25.7283700835761,7.33333333333333,TRUE
"1VeW_single-trace",0.657411980257235,14,"z",3.334512,NA,"new data",32,0.0758085689763753,FALSE,3.334512,3.02222583983522,3.334512,"direct_stat",3.334512,TRUE,1.78919662939632,0.491483088176563,15,30,26.8379494409448,1.06666666666667,TRUE
"1X9W_single-trace",0.279999967414749,62,"t",2.25924,60,"new data",545,-0.11201578830889,FALSE,2.25924,2.25924,2.25924,"direct_stat",2.25924,TRUE,2.53983690715312,0.175693245695951,97,252,246.364179993853,2.16269841269841,TRUE
"2GKO_single-trace",0.188468793276488,189,"z",2.638298,NA,"secondary data",256,-0.168732979192426,FALSE,2.638298,2.62430162539877,2.638298,"direct_stat",2.638298,TRUE,2.15629309851348,0.128346950221853,218,474,470.071895475939,0.540084388185654,FALSE
"2lb5_single-trace",0.199674088073175,575,"t",4.8821664,574,"secondary data",493,0.49518296281841,TRUE,4.8821664,4.87791178795004,4.8821664,"direct_stat",4.8821664,TRUE,1.45997434179805,0.165252903183472,194,285,283.235022308822,1.72982456140351,TRUE
"347d_single-trace",-0.401536214943313,181,"t",-5.75,172,"new data",105,-0.3376624031199,TRUE,-5.75,-5.86583897328124,-5.75,"direct_stat",5.75,TRUE,1.3723331428667,-0.342763796761611,46,64,63.1273245718682,1.640625,TRUE
"4q0L_single-trace",0.215484454919733,350,"t",3.731844,286,"secondary data",150,0.206580480169483,TRUE,3.731844,4.11651864033348,3.731844,"direct_stat",3.731844,TRUE,1.66718704329722,0.16688748978257,166,279,276.753049187339,0.53763440860215,FALSE
"521q_single-trace",-0.173664496601946,225,"z",-2.645161,NA,"new data",722,-0.013768668868103,FALSE,-2.645161,-2.63337848708155,-2.645161,"direct_stat",2.645161,TRUE,2.15106124920549,-0.11840898366419,258,557,554.973802295016,1.29622980251347,TRUE
"59bm_single-trace",-0.129280763907674,226,"z",-1.959964,NA,"new data",2006,-0.0921115624200481,TRUE,-1.959964,-1.95127232080945,-1.959964,"direct_stat",1.959964,TRUE,3.07147031863415,-0.0737667667132227,467,1440,1434.37663880215,1.39305555555556,TRUE
"5Awm_single-trace",0.218122032002736,2835,"t",2.57757,NA,"secondary data",14940,0.113001434472642,TRUE,2.57757,11.8961911855506,2.57757,"direct_stat",2.57757,TRUE,2.20468795643087,0.146901411944474,162,361,357.159448941802,41.3850415512465,TRUE
"5JE_single-trace",-0.19031579612501,127,"t",-2.15,123,"new data",376,-0.118207441518492,TRUE,-2.15,-2.16740919109106,-2.15,"direct_stat",2.15,TRUE,2.70028712105898,-0.115816347239828,214,583,577.861443906621,0.644939965694683,FALSE
"5Kgq_single-trace",-0.434383886408157,119,"t",-5.238671,NA,"secondary data",159,0.0262443476019778,FALSE,-5.238671,-5.21642601203827,-5.238671,"direct_stat",5.238671,TRUE,1.4194479999592,-0.364597732186403,39,56,55.3584719984087,2.83928571428571,TRUE
"5KrD_single-trace",-0.126797034979669,353,"t",-2.384615,348,"new data",921,-0.00621157500814828,FALSE,-2.384615,-2.39487145593476,-2.384615,"direct_stat",2.384615,TRUE,2.38840625484438,-0.0820455438614058,486,1163,1160.76543985437,0.791917454858126,FALSE
"5Q82_single-trace",-0.624341964898697,146090,"t",-2.625,NA,"secondary data",79242,0.228193256990779,FALSE,-2.625,-305.488400837509,-2.625,"direct_stat",2.625,TRUE,2.16656355099884,-0.424166934548457,17,41,36.8315803669803,1932.73170731707,TRUE
"5XEE_single-trace",-0.180578779628654,271,"t",-3,267,"new data",1062,-0.0558662819393527,FALSE,-3,-3.0112149923805,-3,"direct_stat",3,TRUE,1.93191133094331,-0.129919134539267,238,462,459.794896764507,2.2987012987013,TRUE
"5Xaw_single-trace",0.131590243236552,218,"z",1.95995,NA,"new data",1116,0.0552935803959925,FALSE,1.95995,1.95093868789999,1.95995,"direct_stat",1.95995,TRUE,3.07150334072856,0.0750841370405231,451,1390,1385.24800666858,0.802877697841727,FALSE
"7RR2_2kl87y",-0.230000032621681,107,"t",-2.398549,103,"new data",556,-0.221000000017657,TRUE,-2.398549,-2.42172392473663,-2.398549,"direct_stat",2.398549,TRUE,2.37334165815674,-0.149295860567297,146,350,346.507882090884,1.58857142857143,TRUE
"7RR2_4d3878",-0.43000003874958,107,"t",-4.833722,103,"new data",556,-0.265999999992208,TRUE,-4.833722,-4.88042571276459,-4.833722,"direct_stat",4.833722,TRUE,1.46608904568148,-0.355130784156779,40,60,58.6435618272593,9.26666666666667,TRUE
"7RR2_5vw85q",-0.283000004287707,107,"t",-2.994554,103,"new data",556,-0.239999999998379,TRUE,-2.994554,-3.02348756090277,-2.994554,"direct_stat",2.994554,TRUE,1.93465425544977,-0.203462679961694,95,187,183.792154267728,2.97326203208556,TRUE
"7RR2_89x817",0.254375716517232,107,"F",6.78,1,"new data",1096,0.0446459586070758,FALSE,2.60384331325831,2.69523388860516,2.60384331325831,"direct_stat",2.60384331325831,TRUE,2.18327487536968,0.172155713786604,119,262,259.809710168992,4.18320610687023,TRUE
"7RR2_9qjzdd",0.195634394948209,107,"F",3.9,1,"new data",1096,0.0364570083700397,FALSE,1.97484176581315,2.04415543160774,1.97484176581315,"direct_stat",1.97484176581315,TRUE,3.03693668474784,0.112260595762932,202,620,613.461210319064,1.76774193548387,TRUE
"7RR2_b2pwnv",-0.262000038838812,107,"t",-2.755257,103,"new data",556,-0.19999999998748,TRUE,-2.755257,-2.78187845889247,-2.755257,"direct_stat",2.755257,TRUE,2.07303039543879,-0.181969466052436,112,234,232.179404289144,2.37606837606838,TRUE
"7RR2_bd3w94",-0.200000017073966,107,"t",-2.071634,103,"new data",540,-0.201999999980226,TRUE,-2.071634,-2.09165025233916,-2.071634,"direct_stat",2.071634,TRUE,2.83665697872724,-0.118748086914297,194,554,550.311453873085,0.974729241877256,FALSE
"7RR2_bn72ln",-0.0529999983778895,107,"t",-0.5386483,103,"new data",540,-0.252999999990501,TRUE,-0.5386483,-0.543852752280114,-0.5386483,"direct_stat",0.5386483,FALSE,NA,NA,2792,NA,NA,NA,NA
"7RR2_bolw7q",-0.245000018936606,107,"t",-2.564641,103,"new data",540,-0.291999999988932,TRUE,-2.564641,-2.58942071563286,-2.564641,"direct_stat",2.564641,TRUE,2.21550453028404,-0.164599987055803,128,287,283.584579876357,1.8815331010453,TRUE
"7RR2_brwop3",-0.306000022025943,107,"t",-3.262036,103,"new data",540,-0.256999999989248,TRUE,-3.262036,-3.2935539880787,-3.262036,"direct_stat",3.262036,TRUE,1.8163431970572,-0.227050520545637,81,150,147.123798961634,3.6,TRUE
"7RR2_d5dy7d",0.343000009891992,107,"t",3.705886,103,"new data",540,-0.172000000009486,FALSE,3.705886,3.74169249348107,3.705886,"direct_stat",3.705886,TRUE,1.67400900354786,0.265103363464978,64,109,107.136576227063,4.95412844036697,TRUE
"7RR2_g4xnzl",0.196591661114235,107,"F",3.98,1,"new data",1096,0.466814187865156,TRUE,1.994993734326,2.05455886292219,1.994993734326,"direct_stat",1.994993734326,TRUE,2.99187804603206,0.113656204480829,200,605,598.375609206411,1.81157024793388,TRUE
"7RR2_m5jnlk",-0.2699999649978,107,"t",-2.845896,103,"new data",556,-0.278999999989365,TRUE,-2.845896,-2.87339321836339,-2.845896,"direct_stat",2.845896,TRUE,2.01615321601585,-0.190152457005206,105,214,211.696087681664,2.5981308411215,TRUE
"7RR2_m84pw1",-0.0659999990506151,107,"t",-0.6712905,103,"new data",556,-0.217000000002224,TRUE,-0.6712905,-0.677776549196375,-0.6712905,"direct_stat",0.6712905,FALSE,NA,NA,1799,NA,NA,NA,NA
"7RR2_my485o",-0.245000018936606,107,"t",-2.564641,103,"new data",556,-0.258000000004586,TRUE,-2.564641,-2.58942071563286,-2.564641,"direct_stat",2.564641,TRUE,2.21550453028404,-0.164599987055803,128,287,283.584579876357,1.93728222996516,TRUE
"7RR2_n1rp5w",0.173999983360995,107,"t",1.793262,103,"new data",540,-0.217999999999669,FALSE,1.793262,1.81058860532808,1.793262,"direct_stat",1.793262,TRUE,3.55092431036179,0.0923375823075251,257,918,912.587547762981,0.588235294117647,FALSE
"7RR2_odrqvl",0.267506924123254,107,"F",8.17,1,"new data",1096,0.0427391974946134,FALSE,2.85832118559129,2.84480658890932,2.85832118559129,"direct_stat",2.85832118559129,TRUE,2.00881286292524,0.188740580926825,107,218,214.942976333001,5.02752293577982,TRUE
"7RR2_yor7v2",-0.439999988096891,107,"t",-4.972743,103,"new data",556,-0.184999999988921,TRUE,-4.972743,-5.02078994203021,-4.972743,"direct_stat",4.972743,TRUE,1.44895880094112,-0.365531363284755,38,56,55.0604344357627,9.92857142857143,TRUE
"7WjP_single-trace",0.380495770219001,30,"F",4.74,1,"new data",112,0.00953419252991713,FALSE,2.17715410570772,2.17715410570772,2.17715410570772,"direct_stat",2.17715410570772,TRUE,2.65747493919352,0.233407735127019,52,141,138.188696838063,0.794326241134752,FALSE
"7X54_single-trace",0.333995085437421,1860,"t",15.2738,1858,"secondary data",1438,0.400644634553671,TRUE,15.2738,15.2738,15.2738,"direct_stat",15.2738,TRUE,1.12003191939648,0.315591194080121,68,76,76.1621705189608,18.921052631579,TRUE
"88xa_single-trace",0.212767734862054,128,"F",5.69,1,"new data",448,0.205163018727056,TRUE,2.38537208837531,2.44427903480761,2.38537208837531,"direct_stat",2.38537208837531,TRUE,2.38757951591621,0.137697751293544,171,411,408.276097221672,1.09002433090024,TRUE
"8R9d_single-trace",-0.826752106251837,516,"t",-65.69,1998,"new data",477,-0.619528752140725,TRUE,-65.69,-33.3183188061473,-65.69,"direct_stat",65.69,TRUE,1.02612502125715,-0.816159746265192,9,9,9.23512519131434,53,TRUE
"8w97_single-trace",0.626527638408176,23,"F",13.57,1,"new data",69,0.158205889930961,FALSE,3.68374809127877,3.68374809127877,3.68374809127877,"direct_stat",3.68374809127877,TRUE,1.67993674840162,0.483385667014153,17,31,28.5589247228276,2.2258064516129,TRUE
"8wZ0_single-trace",0.276855987758083,85,"F",6.89,1,"new data",667,0.021077443278516,FALSE,2.62488094968134,2.62488094968134,2.62488094968134,"direct_stat",2.62488094968134,TRUE,2.16665630003722,0.18808705598337,100,219,216.665630003722,3.04566210045662,TRUE
"9J1_single-trace",0.250048822086275,97,"t",2.45,90,"new data",313,-0.0547970913105987,FALSE,2.45,2.517135717879,2.45,"direct_stat",2.45,TRUE,2.32036072975366,0.164152333066804,123,289,285.4043697597,1.08304498269896,TRUE
"9OK1_3n2npq",-0.514650235465665,848,"t",-3.5,34,"secondary data",224,-0.226195339099356,FALSE,-3.5,-17.4587749721855,-3.5,"direct_stat",3.5,TRUE,1.73341427967141,-0.390895788028178,27,49,46.8021855511281,4.57142857142857,TRUE
"9OK1_ppwpjr",-0.514650235465665,848,"t",-3.5,34,"secondary data",192,-0.257902710925605,FALSE,-3.5,-17.4587749721855,-3.5,"direct_stat",3.5,TRUE,1.73341427967141,-0.390895788028178,27,49,46.8021855511281,3.91836734693878,TRUE
"9OK1_q7q7np",0.405706615049257,848,"t",2.588235294,34,"secondary data",224,0.120179286839776,FALSE,2.588235294,12.910690735147,2.588235294,"direct_stat",2.588235294,TRUE,2.1959052967214,0.273782248428497,45,102,98.8157383524632,2.19607843137255,TRUE
"9OK1_w7d7ly",-0.514650235465665,848,"t",-3.5,34,"secondary data",224,-0.262803306534005,FALSE,-3.5,-17.4587749721855,-3.5,"direct_stat",3.5,TRUE,1.73341427967141,-0.390895788028178,27,49,46.8021855511281,4.57142857142857,TRUE
"9R9X_single-trace",0.376230018856679,47,"F",7.42,1,"new data",928,0.0196460710514552,FALSE,2.72396769437525,2.72396769437525,2.72396769437525,"direct_stat",2.72396769437525,TRUE,2.09413551268065,0.259986653257609,53,113,110.989182172074,8.21238938053097,TRUE
"9ey_single-trace",0.433629090391994,194,"F",44,1,"new data",188,0.310395617306614,TRUE,6.6332495807108,6.66807002773193,6.6332495807108,"direct_stat",6.6332495807108,TRUE,1.31175070500665,0.378610589199144,39,52,51.1582774952592,3.61538461538462,TRUE
"AOQj_single-trace",0.0750191269788328,1929,"t",3.295604,1919,"secondary data",1362,0.00529255334346671,FALSE,3.295604,3.30246627499954,3.295604,"direct_stat",3.295604,TRUE,1.80354517787709,0.0558609726042513,1392,2513,2510.53488760491,0.541981695185038,FALSE
"AYQG_6rp9on",-0.0352243787846849,2236,"z",-1.666667,NA,"secondary data",3238,0.0130033896770147,FALSE,-1.666667,-1.66592145444715,-1.666667,"direct_stat",1.666667,TRUE,4.08076506590381,-0.0174370312673907,6323,25812,25802.6775117098,0.12544552921122,FALSE
"AYQG_l8rz5d",-0.0293231176353911,4648,"z",-2,NA,"secondary data",7013,0.00143294288606271,FALSE,-2,-1.99956966110314,-2,"direct_stat",2,TRUE,2.98097830327454,-0.0169836384171403,9126,27208,27204.4079956835,0.257755072037636,FALSE
"AYQG_w7r4vl",-0.0475286560226491,2236,"z",-2.25,NA,"secondary data",2042,-0.0514933926631013,TRUE,-2.25,-2.24899351370495,-2.25,"direct_stat",2.25,TRUE,2.55226696168325,-0.0297503777507181,3472,8865,8861.47089096424,0.23034404963339,FALSE
"AgO1_21zn8w",0.432066862671747,29,"z",2.58,NA,"new data",188,0.604964853264072,TRUE,2.58,2.48944530589336,2.58,"direct_stat",2.58,TRUE,2.20267587254289,0.29112242625788,39,90,85.9043590291726,2.08888888888889,TRUE
"AgO1_4k6z71",0.490593604153328,21,"z",2.58,NA,"new data",100,0.559114139730627,TRUE,2.58,2.45406950652526,2.58,"direct_stat",2.58,TRUE,2.20267587254289,0.330557172250031,30,69,66.0802761762866,1.44927536231884,TRUE
"AgO1_5o3l5z",0.581925938035607,13,"z",2.58,NA,"new data",130,0.631363758077765,TRUE,2.58,2.37325482440012,2.58,"direct_stat",2.58,TRUE,2.20267587254289,0.392096005548164,21,48,46.2561933234006,2.70833333333333,TRUE
"AgO1_9oxpdp",0.386080486067513,38,"z",2.58,NA,"new data",218,0.601018830840962,TRUE,2.58,2.5111875991042,2.58,"direct_stat",2.58,TRUE,2.20267587254289,0.260137255469617,50,113,110.133793627144,1.92920353982301,TRUE
"AgO1_b3z4nz",0.404627360217465,34,"z",2.58,NA,"new data",230,0.420885943505976,TRUE,2.58,2.50296765037496,2.58,"direct_stat",2.58,TRUE,2.20267587254289,0.272633957874994,45,103,99.1204142644299,2.23300970873786,TRUE
"AgO1_okp7q2",0.490593604153328,21,"z",2.58,NA,"new data",108,0.559780431083535,TRUE,2.58,2.45406950652526,2.58,"direct_stat",2.58,TRUE,2.20267587254289,0.330557172250031,30,69,66.0802761762866,1.56521739130435,TRUE
"AgO1_single-trace",0.647233945527427,24,"F",7.93,2,"new data",178,0.667040113534686,TRUE,NA,3.98246155034798,3.98246155034798,"r_conversion",3.98246155034798,TRUE,1.60772390373605,0.510452755110796,16,27,25.7235824597767,6.59259259259259,TRUE
"AgO1_ywl5vz",0.652039268828047,9,"z",2.58,NA,"new data",30,0.62290859579959,TRUE,2.58,2.27534612751555,2.58,"direct_stat",2.58,TRUE,2.20267587254289,0.43933768209586,16,38,35.2428139606862,0.789473684210526,FALSE
"AqDO_single-trace",-0.063158400692725,1064,"z",-2.064286,NA,"secondary data",673,-0.0886930346880529,TRUE,-2.064286,-2.06234496901128,-2.064286,"direct_stat",2.064286,TRUE,2.85052556122135,-0.0374083587404453,1965,5606,5601.28272779996,0.120049946485908,FALSE
"AqDO_ywjwq1",0.0438503692164194,4209,"z",2.847611,NA,"secondary data",1930,0.0279869972377943,FALSE,2.847611,2.8469343667482,2.847611,"direct_stat",2.847611,TRUE,2.0151338463798,0.0308902416454307,4079,8223,8219.73095938321,0.234707527666302,FALSE
"AvOr_b7dlq4",0.125957868413945,208,"chi_squared",3.3,1,"new data",1245,0.0117444372887302,FALSE,1.8165902124585,1.82234944474947,1.8165902124585,"direct_stat",1.8165902124585,TRUE,3.47162130083296,0.0676019354876678,492,1715,1708.03768000982,0.725947521865889,FALSE
"AvOr_grlzkw",0.197404685520559,223,"chi_squared",8.69,1,"new data",530,0.0234491018454543,FALSE,2.94788059459674,2.99353821688433,2.94788059459674,"direct_stat",2.94788059459674,TRUE,1.95882699129027,0.141045559155194,199,392,389.806571266763,1.35204081632653,TRUE
"AvOr_single-trace",0.239273304582259,210,"chi_squared",12.02286,1,"new data",749,0.193183883549372,TRUE,3.46739960200724,3.55408687562305,3.46739960200724,"direct_stat",3.46739960200724,TRUE,1.74377986056688,0.181195921852269,134,236,233.666501315961,3.17372881355932,TRUE
"AvWY_single-trace",0.306817732720765,48,"F",4.779,1.742,"new data",156,0.0392044704307979,FALSE,NA,2.18639255862755,2.18639255862755,"r_conversion",2.18639255862755,TRUE,2.64337879166999,0.188712538081524,81,218,214.113682125269,0.715596330275229,FALSE
"BKxK_single-trace",0.361251007188714,30,"t",2.05,28,"secondary data",30,0.234818409196275,FALSE,2.05,2.05,2.05,"direct_stat",2.05,TRUE,2.87807131878465,0.212940510457191,58,170,166.92813648951,0.176470588235294,FALSE
"BlRQ_single-trace",-0.388000012182634,1020,"t",-13.43183,1018,"secondary data",1342,-0.257300027184803,TRUE,-13.43183,-13.43183,-13.43183,"direct_stat",13.43183,TRUE,1.13816312272519,-0.363688429257638,49,57,55.7699930135341,23.5438596491228,TRUE
"Blxd_282qvz",-0.0736076893232787,265180,"t",-7.461538,NA,"secondary data",62880,-0.297273657702343,TRUE,-7.461538,-38.0077055234951,-7.461538,"direct_stat",7.461538,TRUE,1.27043266649009,-0.0653051390596857,1446,1838,1837.04563574467,34.2110990206746,TRUE
"Blxd_5821x4",0.0617058273267408,265180,"t",6.25,NA,"secondary data",62880,0.14991929119562,TRUE,6.25,31.8363532453825,6.25,"direct_stat",6.25,TRUE,1.33544447775657,0.0533965578046018,2059,2750,2749.68017970078,22.8654545454545,TRUE
"Blxd_bl7k78",-0.0370686897314275,265180,"t",-3.75,NA,"secondary data",62880,-0.261429474805961,TRUE,-3.75,-19.1018119472295,-3.75,"direct_stat",3.75,TRUE,1.66249598412269,-0.0287492773637753,5709,9494,9491.18957335646,6.6231303981462,TRUE
"Blxd_bx4248",-0.0332539534303143,265180,"t",-3.363636,NA,"secondary data",62880,-0.211122104349154,TRUE,-3.363636,-17.1337446215817,-3.363636,"direct_stat",3.363636,TRUE,1.77878203185749,-0.0249334237097389,7095,12623,12620.4585160289,4.98138318941615,TRUE
"Blxd_single-trace",-0.0627595114169334,10221,"t",-6.357143,NA,"secondary data",5298,-0.0924516915048332,TRUE,-6.357143,-6.35683197756776,-6.357143,"direct_stat",6.357143,TRUE,1.32846695437183,-0.0544507888638694,1990,2645,2643.64923919995,2.00302457466919,TRUE
"Br0x_pjvzxv",0.255386001520598,400,"F",9.21,3,"new data",327,0.207046473933467,TRUE,NA,5.26968172231924,5.26968172231924,"r_conversion",5.26968172231924,TRUE,1.41625573451464,0.214598285494663,118,168,167.118176672728,1.94642857142857,TRUE
"Br0x_qn1lz8",0.169120288868598,196,"t",2.39,194,"new data",161,0.0800616311288575,FALSE,2.39,2.39,2.39,"direct_stat",2.39,TRUE,2.38254651294311,0.109565800943997,272,651,648.052651520526,0.247311827956989,FALSE
"Br0x_single-trace",0.248173133118244,360,"F",11.42,2,"new data",1020,-0.334458972708461,TRUE,NA,4.84730046923857,4.84730046923857,"r_conversion",4.84730046923857,TRUE,1.46435894323491,0.205083627988507,125,184,183.044867904363,5.54347826086957,TRUE
"Br0x_x7yjx8",0.168963815110846,198,"t",2.4,196,"new data",163,0.187181442619551,TRUE,2.4,2.4,2.4,"direct_stat",2.4,TRUE,2.3717911223958,0.109712342401356,272,649,645.127185291658,0.25115562403698,FALSE
"D2LY_g81lpo",-0.0563865945754742,7838,"z",-5,NA,"secondary data",2524,-0.0044501695216547,FALSE,-5,-4.99936204146471,-5,"direct_stat",5,TRUE,1.4457457341825,-0.0468953635187569,2466,3566,3565.20898049405,0.707795849691531,FALSE
"D2LY_mn5k2x",-0.0661176678818573,3062,"z",-3.666667,NA,"secondary data",1264,-0.00943125514430146,TRUE,-3.666667,-3.66546932987169,-3.666667,"direct_stat",3.666667,TRUE,1.68458125595577,-0.0509414783877765,1793,3022,3020.4541919287,0.418266048974189,FALSE
"D2LY_mov8w7",-0.0507632703564418,7838,"z",-4.5,NA,"secondary data",2888,-0.0207201511419276,TRUE,-4.5,-4.49942583731824,-4.5,"direct_stat",4.5,TRUE,1.51303053291512,-0.0412691711969787,3043,4606,4604.1519116607,0.627008250108554,FALSE
"D2LY_mrdnoj",-0.0492381751602169,2605,"z",-2.516129,NA,"secondary data",392,0.0126420330833084,FALSE,-2.516129,-2.51516293008533,-2.516129,"direct_stat",2.516129,TRUE,2.25783122180819,-0.032768473599915,3235,7307,7304.0840025495,0.0536471876283016,FALSE
"DEqr_single-trace",-0.180759874753144,764,"t",-5.07,761,"new data",626,-0.0504166362013762,FALSE,-5.07,-5.07333004962012,-5.07,"direct_stat",5.07,TRUE,1.43769960071269,-0.15075369156375,238,343,342.172504969621,1.82507288629738,TRUE
"E5qr_single-trace",0.251976315339485,62,"t",2,59,"secondary data",77,-0.00824154768436439,FALSE,2,2.01687793635844,2,"direct_stat",2,TRUE,2.98097830327454,0.145942006665897,121,366,360.69837469622,0.210382513661202,FALSE
"EJpm_b29xjd",-0.374153194181722,397,"z",-8.038835,NA,"secondary data",208,-0.118421357560904,FALSE,-8.038835,-8.01856047843735,-8.038835,"direct_stat",8.038835,TRUE,1.24754846289941,-0.334981439464469,53,67,66.1200685336687,3.1044776119403,TRUE
"EJpm_bonjlw",-0.432659237536643,566,"z",-11.41723,NA,"secondary data",168,-0.17398277589755,TRUE,-11.41723,-11.397040364397,-11.41723,"direct_stat",11.41723,TRUE,1.16549589348685,-0.400765757137956,39,46,45.454339845987,3.65217391304348,TRUE
"EJpm_m5y94l",0.446642553664913,566,"z",11.8764,NA,"secondary data",168,-0.00385755504711259,FALSE,11.8764,11.8553983920553,11.8764,"direct_stat",11.8764,TRUE,1.15835685093396,0.41499122354959,37,43,42.8592034845567,3.90697674418605,TRUE
"EJpm_m8oy76",0.363770544191659,566,"z",9.290909,NA,"secondary data",168,-0.197403460831449,FALSE,9.290909,9.27447943984134,9.290909,"direct_stat",9.290909,TRUE,1.20913894517624,0.330818223364916,57,69,68.9209198750454,2.43478260869565,TRUE
"EJpm_my1dxd",-0.439726947025005,566,"z",-11.648,NA,"secondary data",168,0.239688607084792,FALSE,-11.648,-11.6274022827338,-11.648,"direct_stat",11.648,TRUE,1.16182937501161,-0.40795466546676,38,45,44.149516250441,3.73333333333333,TRUE
"EKBZ_single-trace",0.190715035711611,206,"F",7.7,1,"new data",557,0.138722826852404,TRUE,2.77488738510232,2.77488738510232,2.77488738510232,"direct_stat",2.77488738510232,TRUE,2.06019073993489,0.132871310420903,213,442,438.820627606132,1.26018099547511,TRUE
"EQxa_single-trace",0.2871658058,400,"chi_squared",32.98568,3,"new data",1392,0.260999255718737,FALSE,NA,5.98084781826406,5.98084781826406,"r_conversion",5.98084781826406,TRUE,1.35434706941227,0.246756009887904,93,126,125.954277455341,11.047619047619,TRUE
"EZ3x_single-trace",0.21677749238103,507,"z",5,NA,"secondary data",366,0.246929429422361,TRUE,5,4.9901283220586,5,"direct_stat",5,TRUE,1.4457457341825,0.180288584271317,164,239,237.10230040593,1.53138075313808,TRUE
"Eb2N_single-trace",-0.0644675533728675,10730,"t",-1.9,10714,"secondary data",319,-0.18568334947196,TRUE,-1.9,-6.69121415146827,-1.9,"direct_stat",1.9,TRUE,3.22273774286893,-0.0359110997964988,1886,6084,6078.0833830508,0.0524326101249178,FALSE
"Ej3y_single-trace",0.205863518140198,192,"F",8.32,1,"new data",952,0.0151973452847909,FALSE,2.88444102037119,2.89974320212978,2.88444102037119,"direct_stat",2.88444102037119,TRUE,1.99371563514534,0.145796729857414,183,367,364.849961231597,2.59400544959128,TRUE
"G1Lr_single-trace",0.3259065134228,101,"t",3.43,99,"new data",636,0.120781779841926,TRUE,3.43,3.43,3.43,"direct_stat",3.43,TRUE,1.75603263648508,0.245938629499667,71,127,124.678317190441,5.00787401574803,TRUE
"GNjz_single-trace",0.3745738118422,102,"t",4.06,101,"new data",288,0.17363867846471,TRUE,4.06,4.03985099225256,4.06,"direct_stat",4.06,TRUE,1.59139415497966,0.29692620751049,53,86,84.3438902139217,3.34883720930233,TRUE
"GXEW_single-trace",0.346981010835109,34,"F",4.38,1,"new data",144,0.174666630357201,TRUE,2.09284495364563,2.09284495364564,2.09284495364563,"direct_stat",2.09284495364563,TRUE,2.79771951783116,0.207445310468617,63,180,176.256329623363,0.8,FALSE
"J4W9_single-trace",-0.283221748223324,68,"t",-2.325301,62,"new data",276,0.129759650896182,FALSE,-2.325301,-2.39913839668457,-2.325301,"direct_stat",2.325301,TRUE,2.45628077241695,-0.180712250694018,95,238,233.34667337961,1.15966386554622,TRUE
"J7ek_single-trace",0.550577776977733,19,"F",9.57,2,"new data",174.4954,0.542770854995509,TRUE,NA,2.71937492817743,2.71937492817743,"r_conversion",2.71937492817743,TRUE,2.0973017924683,0.380179078719381,23,52,48.2379412267709,3.35568076923077,TRUE
"JWzJ_single-trace",-0.079243474386574,1142,"z",-2.685185,NA,"secondary data",2437,-0.0326998178589552,FALSE,-2.685185,-2.68400806152575,-2.685185,"direct_stat",2.685185,TRUE,2.12144656473773,-0.0544060830463751,1247,2649,2645.44386622795,0.9199697999245,FALSE
"K4ZD_single-trace",-0.17780866002853,90,"z",-1.714156,NA,"new data",574,-0.134222985354403,TRUE,-1.714156,-1.69500281784613,-1.714156,"direct_stat",1.714156,TRUE,3.85953696871317,-0.0905076537063758,246,956,949.446094303439,0.600418410041841,FALSE
"Kj9d_single-trace",0.68384062020021,20,"F",16.69,1,"new data",50,0.133563641541972,FALSE,4.0853396431631,3.97637761629456,4.0853396431631,"direct_stat",4.0853396431631,TRUE,1.58624419364931,0.542962544786496,14,24,22.2074187110903,2.08333333333333,TRUE
"Kybl_single-trace",0.04288058546232,9189,"z",4.114286,NA,"secondary data",8043,0.039,FALSE,4.114286,4.11383823529279,4.114286,"direct_stat",4.114286,TRUE,1.58046875340091,0.0341089027856352,4266,6744,6742.27970200829,1.19261565836299,TRUE
"LbEB_single-trace",0.289019439963442,95,"t",2.911454,93,"new data",474,0.220868571360304,TRUE,2.911454,2.911454,2.911454,"direct_stat",2.911454,TRUE,1.97856057066461,0.205471873150233,91,183,180.049011930479,2.59016393442623,TRUE
"LmBx_single-trace",0.646795577455242,14,"F",9.35,1,"new data",63,0.0167180069085172,FALSE,3.05777697028413,2.93781708599586,3.05777697028413,"direct_stat",3.05777697028413,TRUE,1.90375500428668,0.468771837641149,16,33,30.460080068587,1.90909090909091,TRUE
"LyLd_single-trace",0.0408619611469655,359092,"t",5.173965,NA,"secondary data",370778,-0.002792939,FALSE,5.173965,24.5066380066521,5.173965,"direct_stat",5.173965,TRUE,1.42626804768342,0.0342151643196353,4698,6702,6700.6072880167,55.3234855267084,TRUE
"N8pB_single-trace",0.227493588299953,79,"t",2.05,77,"new data",364,0.104800161952179,TRUE,2.05,2.05,2.05,"direct_stat",2.05,TRUE,2.87807131878465,0.134096791024375,149,434,428.832626498913,0.838709677419355,FALSE
"Nj8V_single-trace",0.217076955191486,209,"F",9.94,1,"new data",857,0.00888313823489344,FALSE,3.15277655408689,3.19948689916218,3.15277655408689,"direct_stat",3.15277655408689,TRUE,1.86092177729135,0.159129120426068,164,307,305.191171475782,2.79153094462541,TRUE
"NrrW_single-trace",0.151657758400418,13213,"chi_squared",303.9,1,"secondary data",14057,0.208141537476217,TRUE,17.4327278416202,17.6353959050352,17.4327278416202,"direct_stat",17.4327278416202,TRUE,1.1040277565385,0.144335990352096,339,374,374.265409466552,37.5855614973262,TRUE
"OKRy_single-trace",0.253263203758348,138,"F",8.91,1,"new data",275,0.299103298280034,TRUE,2.98496231131986,3.05306907377327,2.98496231131986,"direct_stat",2.98496231131986,TRUE,1.93952387136079,0.18185470082436,120,235,232.742864563295,1.17021276595745,TRUE
"OYX0_2n1rrj",0.0989953287375067,1200,"z",3.446227,NA,"secondary data",13281,0.0893776525770528,FALSE,3.446227,3.44335394656186,3.446227,"direct_stat",3.446227,TRUE,1.7506678887649,0.0748191584823214,798,1399,1397.03297523439,9.49320943531094,TRUE
"OYX0_5o9y12",0.0526442749702831,12012,"z",5.777786,NA,"secondary data",13281,0.0893776525770528,FALSE,5.777786,5.77730497881114,5.777786,"direct_stat",5.777786,TRUE,1.37007268809638,0.0449758463297898,2829,3878,3875.93563462466,3.42470345538938,TRUE
"OYX0_y5wnn9",0.0165699336986477,12012,"z",1.816302,NA,"secondary data",13281,0.0422098066342434,TRUE,1.816302,1.81615078641276,1.816302,"direct_stat",1.816302,TRUE,3.4725725672291,0.00889191096912512,28584,99267,99260.0142616766,0.133790685726374,FALSE
"OYX0_ywd1y9",0.0707768912948359,12012,"z",7.776598,NA,"secondary data",13281,0.100216830497201,FALSE,7.776598,7.7759505706187,7.776598,"direct_stat",7.776598,TRUE,1.25744580902187,0.063117072109118,1564,1968,1966.64524531021,6.7484756097561,TRUE
"OeGv_8vrpd2",-0.513304662544181,29,"t",-2.2379349,14,"secondary data",24,-0.533824121389964,FALSE,-2.2379349,-3.10788766860371,-2.2379349,"direct_stat",2.2379349,TRUE,2.56879188558075,-0.320265935953357,27,74,69.3573809106802,0.324324324324324,FALSE
"OeGv_bnxon4",-0.777926885510058,24,"t",-3.9150187,10,"secondary data",26,-0.177645400611149,FALSE,-3.9150187,-5.80691115197825,-3.9150187,"direct_stat",3.9150187,TRUE,1.62267006265109,-0.610694022736628,10,18,16.2267006265109,1.44444444444444,TRUE
"OeGv_br469p",-0.745011680163986,33,"t",-5.5843647,25,"secondary data",28,-0.702587933104788,TRUE,-5.5843647,-6.21848535314119,-5.5843647,"direct_stat",5.5843647,TRUE,1.3863991309061,-0.632730752436282,11,17,15.2503904399671,1.64705882352941,TRUE
"OeGv_gv8q78",-0.705172414738578,33,"t",-4.3351478,19,"secondary data",28,-0.236420329295815,FALSE,-4.3351478,-5.53742624939929,-4.3351478,"direct_stat",4.3351478,TRUE,1.5398546077811,-0.568270951408107,13,22,20.0181099011543,1.27272727272727,TRUE
"OeGv_single-trace",-0.777926885510058,24,"t",-3.9150187,10,"secondary data",30,-0.206139932757779,FALSE,-3.9150187,-5.80691115197825,-3.9150187,"direct_stat",3.9150187,TRUE,1.62267006265109,-0.610694022736628,10,18,16.2267006265109,1.66666666666667,TRUE
"Ow0_single-trace",0.261918137046789,106,"F",7.66,1,"new data",262,0.218138245760827,TRUE,2.76767050061961,2.76767050061961,2.76767050061961,"direct_stat",2.76767050061961,TRUE,2.06487604440655,0.182271421317049,112,234,231.266116973534,1.11965811965812,TRUE
"P1rY_single-trace",-0.175996913950873,393,"t",-3.48979591836735,381,"new data",642,-0.190516645398035,TRUE,-3.48979591836735,-3.53529713444357,-3.48979591836735,"direct_stat",3.48979591836735,TRUE,1.73662801017009,-0.133552386164946,251,437,435.893630552693,1.46910755148741,TRUE
"PNPz_single-trace",0.209999998352453,290,"t",3.638765,287,"new data",510,0.332724864116628,TRUE,3.638765,3.64509879939744,3.638765,"direct_stat",3.638765,TRUE,1.69230423083962,0.161428447932544,175,299,296.153240396933,1.7056856187291,TRUE
"Pb9K_single-trace",-0.0854622965107398,647,"z",-2.181818,NA,"new data",2684,-0.00528620650802071,FALSE,-2.181818,-2.17844318282128,-2.181818,"direct_stat",2.181818,TRUE,2.65032973572348,-0.0524958055324167,1072,2845,2841.15347669557,0.943409490333919,FALSE
"PlDa_single-trace",0.937520696309833,18,"t",11.11,58,"secondary data",32,0.421520197803098,TRUE,11.11,10.7782831766146,11.11,"direct_stat",11.11,TRUE,1.17064269102074,0.866500235020146,6,8,7.02385614612446,4,TRUE
"Q1dl_single-trace",0.271356231318786,81,"F",6.2,1,"new data",359,0.420325994935278,TRUE,2.48997991959775,2.50589049630808,2.48997991959775,"direct_stat",2.48997991959775,TRUE,2.2818560706458,0.179636951037558,104,241,237.313031347163,1.4896265560166,TRUE
"QYNq_single-trace",0.208564647995334,198,"t",2.111111,NA,"new data",846,0.135526607524337,TRUE,2.111111,2.98556180787503,2.111111,"direct_stat",2.111111,TRUE,2.76543674238516,0.125417700096557,178,496,492.247740144559,1.70564516129032,TRUE
"QllV_single-trace",0.197274409705614,204,"t",2.86,202,"secondary data",153,0.049308716922094,FALSE,2.86,2.86,2.86,"direct_stat",2.86,TRUE,2.0078290286095,0.139221846052185,199,402,399.557976693291,0.380597014925373,FALSE
"R8RN_single-trace",0.389444048184931,36,"chi_squared",5.46,1,"new data",274,0.0711401669780458,FALSE,2.33666428910958,2.46547874898357,2.33666428910958,"direct_stat",2.33666428910958,TRUE,2.44278498941611,0.249173842589445,49,124,119.696464481389,2.20967741935484,TRUE
"R9dv_single-trace",0.0827448502487628,4409,"z",5.513189,NA,"secondary data",7207,0.0993042593417211,TRUE,5.513189,5.51193841838019,5.513189,"direct_stat",5.513189,TRUE,1.3927733737913,0.0701133545866025,1144,1594,1593.33273961725,4.52132998745295,TRUE
"RJb_single-trace",0.187777968222141,114,"t",2.032258,NA,"new data",516,0.0880434594769583,TRUE,2.032258,2.02324572499473,2.032258,"direct_stat",2.032258,TRUE,2.91339321934017,0.110013272374993,220,646,640.946508254837,0.798761609907121,FALSE
"RYKv_3w5kdk",0.114875791716176,36962,"t",4.466811,1492,"secondary data",27940,0.0955547178052981,TRUE,4.466811,22.2320313750495,4.466811,"direct_stat",4.466811,TRUE,1.51821634686199,0.0932312883933733,592,900,898.784077342298,31.0444444444444,TRUE
"RYKv_6xnk65",-0.098684596773788,35963,"t",-3.83053,1492,"secondary data",27940,-0.0796251510790506,TRUE,-3.83053,-18.8057360600309,-3.83053,"direct_stat",3.83053,TRUE,1.64245098657531,-0.0770022050234555,803,1321,1318.88814221998,21.1506434519304,TRUE
"RYKv_g41jx8",0.263249545356855,38102,"t",10.543693,1493,"secondary data",27940,0.26241843198114,TRUE,10.543693,53.2629646754252,10.543693,"direct_stat",10.543693,TRUE,1.18101805945261,0.242236375957789,111,131,131.09300459924,213.282442748092,TRUE
"RYKv_p5o238",0.124334535016338,37562,"t",4.8417771,1493,"secondary data",27940,0.0741272640791174,TRUE,4.8417771,24.2849760757321,4.8417771,"direct_stat",4.8417771,TRUE,1.46506116373121,0.102722101693836,505,741,739.855887684259,37.7058029689609,TRUE
"RYKv_single-trace",0.263249545356855,38102,"t",10.543693,1493,"secondary data",36496,0.283200751872475,TRUE,10.543693,53.2629646754252,10.543693,"direct_stat",10.543693,TRUE,1.18101805945261,0.242236375957789,111,131,131.09300459924,278.595419847328,TRUE
"RYKv_wzn69v",0.202346019722339,38031,"t",7.9836698,1493,"secondary data",27940,0.191447623318498,TRUE,7.9836698,40.2930474590174,7.9836698,"direct_stat",7.9836698,TRUE,1.24956696381654,0.181015139188266,189,237,236.168156161326,117.89029535865,TRUE
"RZdL_single-trace",-0.112418201029887,10080,"t",-3.327411,NA,"secondary data",8987,-0.0882133934339823,TRUE,-3.327411,-11.3575738992387,-3.327411,"direct_stat",3.327411,TRUE,1.79177760630849,-0.0839836177978123,618,1110,1107.31856069865,8.0963963963964,TRUE
"RrOb_single-trace",0.853358728523217,1743,"t",68.32,1742,"secondary data",2142,-0.0482871234107898,FALSE,68.32,68.3003875408618,68.32,"direct_stat",68.32,TRUE,1.02510047786348,0.842846362806298,8,8,8.20080382290782,267.75,TRUE
"Rvb_single-trace",0.204473689129398,218,"t",3.07,216,"new data",975,0.0739483545794534,FALSE,3.07,3.07,3.07,"direct_stat",3.07,TRUE,1.89801101224451,0.148418510471975,185,354,351.132037265235,2.75423728813559,TRUE
"VB9K_single-trace",-0.279666681642393,60,"t",-2.2183984,58,"new data",528,0.00558097830023533,FALSE,-2.2183984,-2.2183984,-2.2183984,"direct_stat",2.2183984,TRUE,2.59628149125516,-0.173566074288405,98,258,254.435586143006,2.04651162790698,TRUE
"VGAe_single-trace",0.253373297275359,94,"F",6.38,1,"new data",615,0.0641114572178707,FALSE,2.52586618806302,2.51224955955064,2.52586618806302,"direct_stat",2.52586618806302,TRUE,2.24910726652996,0.168949051836272,120,272,269.892871983596,2.26102941176471,TRUE
"VOwm_single-trace",0.103182622416314,18949,"t",3.3646408839779,NA,"secondary data",12344,-0.017460752326867,FALSE,3.3646408839779,14.2791079020025,3.3646408839779,"direct_stat",3.3646408839779,TRUE,1.77842751730301,0.0773728290517881,735,1308,1307.14422521772,9.43730886850153,TRUE
"VjjX_single-trace",0.668749861350747,16,"F",11.96,2.3,"new data",13,0.431787769588373,TRUE,NA,3.36553465728876,3.36553465728876,"r_conversion",3.36553465728876,TRUE,1.77811246850669,0.501515189723522,15,29,26.6716870276003,0.448275862068966,FALSE
"Vpgm_single-trace",-0.22,2474,"t",-3.92,NA,"secondary data",22418,-0.1475846,TRUE,-3.92,-11.2129451400489,-3.92,"direct_stat",3.92,TRUE,1.62154133760361,-0.172766155258663,160,260,259.446614016577,86.2230769230769,TRUE
"VvZX_single-trace",0.273701426125295,270,"t",4.58851674641148,NA,"new data",630,0.355881999943058,TRUE,4.58851674641148,4.65857448888293,4.58851674641148,"direct_stat",4.58851674641148,TRUE,1.49968993703065,0.223499379447273,102,154,152.968373577126,4.09090909090909,TRUE
"WLkV_single-trace",0.222053868915313,124,"z",2.536,NA,"new data",312,0.081142269304186,FALSE,2.536,2.51546524908512,2.536,"direct_stat",2.536,TRUE,2.24015205399806,0.148360946566676,157,354,351.703872477695,0.88135593220339,FALSE
"WLpV_single-trace",0.58329255119607,24,"z",3.518,NA,"new data",28,0.403588903965881,TRUE,3.518,3.3682285650868,3.518,"direct_stat",3.518,TRUE,1.72781213120655,0.443749800635658,20,37,34.556242624131,0.756756756756757,FALSE
"WaYe_single-trace",-0.406086600789816,284,"z",-3.74438276500132,NA,"new data",1812,-0.00187936062398353,FALSE,-3.74438276500132,-7.46235004899627,-3.74438276500132,"direct_stat",3.74438276500132,TRUE,1.6639403643985,-0.314810914690445,45,77,74.8773163979325,23.5324675324675,TRUE
"Wre_single-trace",0.380616887817331,36,"F",5.76,1,"new data",265,0.0535729970015381,FALSE,2.4,2.4,2.4,"direct_stat",2.4,TRUE,2.3717911223958,0.247143865049203,52,126,123.333138364582,2.1031746031746,TRUE
"Y8Yx_single-trace",0.079691053775894,62721,"chi_squared",398.32,NA,"secondary data",51995,0.0271065113575452,FALSE,NA,20.0213131759702,20.0213131759702,"r_conversion",20.0213131759702,TRUE,1.08968723426545,0.0763411394923449,1233,1344,1343.5843598493,38.686755952381,TRUE
"YWep_single-trace",-0.74809336682596,11767,"t",-14.7848837209302,11752,"secondary data",2513,-0.0867489668081166,FALSE,-14.7848837209302,-122.278374146586,-14.7848837209302,"direct_stat",14.7848837209302,TRUE,1.12436422846495,-0.70550857048262,11,13,12.3680065131145,193.307692307692,TRUE
"YmQR_single-trace",0.0269365041490123,43576,"z",5.625,NA,"secondary data",305244,0.00995445764403473,TRUE,5.625,5.62487091370149,5.625,"direct_stat",5.625,TRUE,1.38285139094045,0.022906222575673,10815,14956,14955.537793021,20.4094677721316,TRUE
"YpZZ_single-trace",0.48051617269468,81,"t",4.87,79,"new data",454,0.172571617843068,TRUE,4.87,4.87,4.87,"direct_stat",4.87,TRUE,1.46149497391395,0.39747456817414,31,47,45.3063441913324,9.65957446808511,TRUE
"a8jQ_single-trace",0.0893485258636723,586,"t",2.1511059,575,"new data",2231,0.0546499613036431,TRUE,2.1511059,2.16787527730471,2.1511059,"direct_stat",2.1511059,TRUE,2.69850202409177,0.0543908714983966,981,2650,2647.23048563403,0.84188679245283,FALSE
"aYyR_single-trace",0.164679870586351,238,"z",2.57572348169825,NA,"new data",215,0.219819463622692,TRUE,2.57572348169825,2.56487828202737,2.57572348169825,"direct_stat",2.57572348169825,TRUE,2.20622129389958,0.110870493604575,287,636,633.18551134918,0.338050314465409,FALSE
"aag9_single-trace",0.31663396755361,123,"F",4.42,3,"new data",522,0.104570963510539,FALSE,NA,3.67190102574363,3.67190102574363,"r_conversion",3.67190102574363,TRUE,1.6831514356045,0.244059606617618,76,129,127.919509105942,4.04651162790698,TRUE
"amYY_single-trace",-0.462499990110547,106,"t",-5.31975,104,"new data",117,-0.21786463268618,TRUE,-5.31975,-5.31975,-5.31975,"direct_stat",5.31975,TRUE,1.41120235254739,-0.389329293704833,34,49,47.9808799866114,2.38775510204082,TRUE
"bLe8_single-trace",0.276117657935067,1295,"t",2.710253,89,"secondary data",2537,-0.101968713037806,FALSE,2.710253,10.3303275680052,2.710253,"direct_stat",2.710253,TRUE,2.10364383841778,0.190374192700428,100,214,210.364383841778,11.8551401869159,TRUE
"bY2A_single-trace",-0.096918387296682,9493,"z",-2.57634809395823,NA,"secondary data",11286,-0.0635838211860966,FALSE,-2.57634809395823,-9.48662006168159,-2.57634809395823,"direct_stat",2.57634809395823,TRUE,2.20570219469053,-0.0652578469901074,833,1840,1837.34992817721,6.13369565217391,TRUE
"d24p_single-trace",0.330640727688496,109,"t",3.624,107,"new data",358,0.179060148940633,TRUE,3.624,3.624,3.624,"direct_stat",3.624,TRUE,1.69646098895098,0.253854232901896,69,119,117.055808237618,3.00840336134454,TRUE
"d5v3_single-trace",0.0874042503469792,499,"z",1.959963985,NA,"secondary data",1270,-0.0144993502085092,FALSE,1.959963985,1.95603225790118,1.959963985,"direct_stat",1.959963985,TRUE,3.07147035401443,0.0498722989644438,1025,3153,3148.25711286479,0.40279099270536,FALSE
"dqKX_single-trace",0.82,201,"z",1.9599629203941,NA,"new data",978,0.289624341523316,TRUE,1.9599629203941,20.2100991449351,1.9599629203941,"direct_stat",1.9599629203941,TRUE,3.07147286508755,0.467886496040945,9,33,27.643255785788,29.6363636363636,TRUE
"dxQp_single-trace",-0.00940455632879453,160274,NA,-3.29052660793568,NA,"secondary data",110747,-0.015837971916941,TRUE,NA,-3.76518523373065,-3.76518523373065,"r_conversion",3.76518523373065,TRUE,1.65862223326385,-0.00730238238321058,88740,147187,147186.136979834,0.752423787426879,FALSE
"e227_single-trace",-0.127423441917805,25,"z",-2.57582917221437,NA,"secondary data",27,-0.460613699726346,TRUE,-2.57582917221437,-0.616123748356056,-2.57582917221437,"direct_stat",2.57582917221437,TRUE,2.20613342664868,-0.085789363256922,481,1064,1061.15017821802,0.0253759398496241,FALSE
"e3G7_single-trace",0.189619445943952,263,"t",3.12,261,"new data",379,0.160981441030226,TRUE,3.12,3.12,3.12,"direct_stat",3.12,TRUE,1.87524207598314,0.138469525429606,216,407,405.052288412358,0.931203931203931,FALSE
"eOQm_single-trace",0.283261719942443,77,"F",6.63,1,"new data",484,0.0121233792480166,FALSE,2.57487863791675,2.55788255357722,2.57487863791675,"direct_stat",2.57487863791675,TRUE,2.20692411443966,0.190675189978909,95,213,209.657790871768,2.27230046948357,TRUE
"eg1q_single-trace",0.236128411962756,102,"t",2.43,100,"new data",1125,-0.0723803937720815,FALSE,2.43,2.43,2.43,"direct_stat",2.43,TRUE,2.34047712962672,0.154346236918432,138,327,322.985843888488,3.44036697247706,TRUE
"eg3p_single-trace",-0.259876134930286,138,"z",-3.15,NA,"new data",497,-0.0102820909822934,FALSE,-3.15,-3.13848259397766,-3.15,"direct_stat",3.15,TRUE,1.86211700427755,-0.190442079928322,114,214,212.281338487641,2.32242990654206,TRUE
"egX9_single-trace",-0.275398034968722,342,"t",-5.29786960197729,332,"new data",410,-0.153011533664238,TRUE,-5.29786960197729,-5.28235604128745,-5.29786960197729,"direct_stat",5.29786960197729,TRUE,1.41339565854339,-0.231648216394964,101,144,142.752961512883,2.84722222222222,TRUE
"exd7_single-trace",0.560455284994345,41,"t",4.28,40,"new data",96,0.117275221909565,FALSE,4.28,4.22616137884014,4.28,"direct_stat",4.28,TRUE,1.54945905967166,0.450247091461775,22,36,34.0880993127765,2.66666666666667,TRUE
"gRWz_single-trace",0.39,5867,"z",4.246667,NA,"new data",2438,0.0309039537047658,FALSE,4.246667,32.4359257521063,4.246667,"direct_stat",4.246667,TRUE,1.55543013109808,0.312708260126486,49,78,76.2160764238059,31.2564102564103,TRUE
"gbg4_single-trace",0.274075483931013,197,"z",4,NA,"new data",924,0.0946399505567753,TRUE,4,3.9796436337663,4,"direct_stat",4,TRUE,1.60395271173717,0.216408547211485,102,165,163.603176597191,5.6,TRUE
"gbl9_single-trace",0.353121902752396,63,"F",8.69,1,"new data",305,0.0105049068716027,FALSE,2.94788059459674,2.94788059459673,2.94788059459674,"direct_stat",2.94788059459674,TRUE,1.95882699129027,0.252305440938839,60,121,117.529619477416,2.52066115702479,TRUE
"jDWN_single-trace",0.109427452542079,2347,"z",5.33333333333333,NA,"secondary data",729,0.275,TRUE,5.33333333333333,5.33106044453063,5.33333333333333,"direct_stat",5.33333333333333,TRUE,1.40985234781175,0.0921593648679777,653,921,920.633583121074,0.791530944625407,FALSE
"jLr_single-trace",0.422425675803616,76,"t",3.61,60,"new data",113,-0.124843686355194,FALSE,3.61,4.00910505391582,3.61,"direct_stat",3.61,TRUE,1.70044811389824,0.323943011437214,41,72,69.7183726698278,1.56944444444444,TRUE
"kXp8_single-trace",0.242023645897221,206,"t",3.57142857142857,NA,"secondary data",174,0.149325186293037,TRUE,3.57142857142857,3.56270712111747,3.57142857142857,"direct_stat",3.57142857142857,TRUE,1.71166962430665,0.184989818861347,131,227,224.228720784171,0.766519823788546,FALSE
"lJ0w_single-trace",0.314522152741235,475,"z",7.22133308868003,NA,"new data",170,0.598,TRUE,7.22133308868003,7.20611424544398,7.22133308868003,"direct_stat",7.22133308868003,TRUE,1.28124630915905,0.277865690710556,77,99,98.655965805247,1.71717171717172,TRUE
"lkBL_single-trace",0.461137039957343,42,"F",10.263,1,"new data",437,0.0507930292076355,FALSE,3.20359173428825,3.28681576829868,3.20359173428825,"direct_stat",3.20359173428825,TRUE,1.83960842687991,0.339990915043493,34,65,62.546686513917,6.72307692307692,TRUE
"mBL1_single-trace",-0.989165417001443,20,"z",-30.133,NA,"new data",20,-0.949011215861047,TRUE,-30.133,-28.5866738201561,-30.133,"direct_stat",30.133,TRUE,1.05829102669313,-0.961537812101021,4,5,4.23316410677252,4,TRUE
"mJDj_single-trace",0.0415592170081854,2664,"t",2.142857,2654,"secondary data",37148,-0.02304833,FALSE,2.142857,2.14608419610564,2.142857,"direct_stat",2.142857,TRUE,2.71190452755656,0.0252365601604566,4542,12321,12317.4703641619,3.01501501501502,TRUE
"mrZ_single-trace",0.222410928590033,88,"z",2.14,NA,"new data",750,-0.00697416428463681,FALSE,2.14,2.1155420538997,2.14,"direct_stat",2.14,TRUE,2.71659400387983,0.134940947244219,156,428,423.788664605254,1.75233644859813,TRUE
"mxyQ_single-trace",-0.157100807230133,549,"z",-3.72727272727273,NA,"new data",738,0.0242877689400893,FALSE,-3.72727272727273,-3.72047732922831,-3.72727272727273,"direct_stat",3.72727272727273,TRUE,1.66837850023347,-0.121627316329168,315,528,525.539227573544,1.39772727272727,TRUE
"pN7E_single-trace",0.0223416154247098,7741,"z",1.96617206395382,NA,"secondary data",7101,0.0125007998144515,FALSE,1.96617206395382,1.9659180529633,1.96617206395382,"direct_stat",1.96617206395382,TRUE,3.05692554588786,0.0127782723793691,15722,48066,48060.9834324489,0.147734365247784,FALSE
"plLK_single-trace",0.268255573645216,62,"F",4.73,1,"new data",403.237,0.0114198499162639,FALSE,2.17485631709315,2.15695596069865,2.17485631709315,"direct_stat",2.17485631709315,TRUE,2.6610171522079,0.16444660703456,106,288,282.067818134037,1.40012847222222,TRUE
"pw3m_single-trace",0.629999973711981,25,"t",3.890539,23,"secondary data",48,0.156631136437094,FALSE,3.890539,3.890539,3.890539,"direct_stat",3.890539,TRUE,1.62827638518601,0.493715167152689,17,30,27.6806985481622,1.6,TRUE
"q8xv_22jnnj",0.565418356265046,17554,"t",6.169664,81,"secondary data",21945,0.127257187325096,FALSE,6.169664,90.8201696188323,6.169664,"direct_stat",6.169664,TRUE,1.34087292561113,0.488288046659117,22,30,29.4992043634449,731.5,TRUE
"q8xv_524ll2",-0.520973710623285,17554,"t",-5.4931036,81,"secondary data",21945,-0.0724493186041142,FALSE,-5.4931036,-80.8609027470245,-5.4931036,"direct_stat",5.4931036,TRUE,1.3946101509734,-0.441153163092773,26,38,36.2598639253083,577.5,TRUE
"q8xv_827ww4",-0.589880926564314,17554,"t",-6.5746037,81,"secondary data",21945,-0.14912766903628,FALSE,-6.5746037,-96.7810602344961,-6.5746037,"direct_stat",6.5746037,TRUE,1.31515800438986,-0.514369711633414,20,27,26.3031600877973,812.777777777778,TRUE
"q8xv_l88v4q",-0.535871710241,393,"t",-5.7122453,81,"secondary data",491,-0.0535252616660195,FALSE,-5.7122453,-12.5502598613805,-5.7122453,"direct_stat",5.7122453,TRUE,1.37544895383218,-0.456918341447497,25,35,34.3862238458045,14.0285714285714,TRUE
"q8xv_single-trace",-0.535871710241,393,"t",-5.7122453,81,"secondary data",391,-0.535702484320265,TRUE,-5.7122453,-12.5502598613805,-5.7122453,"direct_stat",5.7122453,TRUE,1.37544895383218,-0.456918341447497,25,35,34.3862238458045,11.1714285714286,TRUE
"qPxQ_single-trace",-0.10465934237851,2001,"t",-4.704001,1998,"new data",3281,0.0989659369293586,FALSE,-4.704001,-4.7051780301698,-4.704001,"direct_stat",4.704001,TRUE,1.48328588558175,-0.0859341072355899,714,1060,1059.06612230537,3.09528301886792,TRUE
"qXX2_single-trace",-0.00695673661743462,27,"t",-4.03,NA,"secondary data",28,0.00816817620497752,FALSE,-4.03,-0.0347845248164954,-4.03,"direct_stat",4.03,TRUE,1.59760818127337,-0.00550389858924425,162177,259096,259095.302014372,0.000108068051996171,FALSE
"qYr7_1rzq75",-0.425506221777059,2673,"t",-10.26923,477,"secondary data",4309,-0.453859347132466,TRUE,-10.26923,-24.3005238221977,-10.26923,"direct_stat",10.26923,TRUE,1.18651343077553,-0.390633590502372,41,49,48.6470506617967,87.9387755102041,TRUE
"qYr7_4k31n8",-0.593436870596286,7554,"t",-24.11765,1070,"secondary data",5704,-0.457170266704893,TRUE,-24.11765,-64.0728570812852,-24.11765,"direct_stat",24.11765,TRUE,1.07362398727996,-0.572728009198974,20,21,21.4724797455992,271.619047619048,TRUE
"qYr7_9oj2rd",-0.412945891459356,5659,"t",-16.57895,1337,"secondary data",5881,-0.397976711450355,TRUE,-16.57895,-34.1023578653324,-16.57895,"direct_stat",16.57895,TRUE,1.10981862311414,-0.391982921514403,43,48,47.722200793908,122.520833333333,TRUE
"qYr7_j6d39n",-0.31173486616413,3388,"t",-10.33333,992,"secondary data",6550,-0.368325780588767,TRUE,-10.33333,-19.0909675668607,-10.33333,"direct_stat",10.33333,TRUE,1.18520040007128,-0.286344920947173,78,93,92.44563120556,70.4301075268817,TRUE
"qYr7_single-trace",-0.23415754483131,933,"t",-7.35294117647059,NA,"secondary data",3054,0.0699140182329059,FALSE,-7.35294117647059,-7.34899540684034,-7.35294117647059,"direct_stat",7.35294117647059,TRUE,1.27521705424476,-0.207355758035849,141,180,179.805604648511,16.9666666666667,TRUE
"qYr7_ywrd82",-0.274516052575882,5841,"t",-8.545455,896,"secondary data",6038,-0.388608703250633,TRUE,-8.545455,-21.814759245357,-8.545455,"direct_stat",8.545455,TRUE,1.23042905274971,-0.247479629260274,102,126,125.503763380471,47.9206349206349,TRUE
"qgWj_9olz6z",0.662431921675119,118,"t",9.4,113,"secondary data",31,0.632784197516548,TRUE,9.4,9.52396139786195,9.4,"direct_stat",9.4,TRUE,1.20634825709297,0.603121626879557,15,19,18.0952238563945,1.63157894736842,TRUE
"qgWj_j6qlvv",0.0170025352059406,73175,"t",4.6,NA,"secondary data",59584,0.0462432939789915,TRUE,4.6,4.5999371365708,4.6,"direct_stat",4.6,TRUE,1.49800951434329,0.0138917320203122,27148,40669,40667.9622953916,1.4650962649684,TRUE
"qgWj_pplx84",0.0365732183140205,73175,"t",9.9,NA,"secondary data",60452,0.0397457058994287,TRUE,9.9,9.89986470696758,9.9,"direct_stat",9.9,TRUE,1.19445402054056,0.033464046888447,5865,7006,7005.47283047041,8.62860405366829,TRUE
"qgWj_q76z8j",0.0214361518106416,73175,"t",5.8,NA,"secondary data",60452,0.0529212471663375,TRUE,5.8,5.79992073741535,5.8,"direct_stat",5.8,TRUE,1.36828507234457,0.0183256137882402,17078,23369,23367.5724655005,2.58684582138731,TRUE
"qgWj_single-trace",0.481787661311874,73175,"t",4.6,NA,"secondary data",45119,0.199174712177886,FALSE,4.6,148.725090591428,4.6,"direct_stat",4.6,TRUE,1.49800951434329,0.393639242652416,31,48,46.4382949446419,939.979166666667,TRUE
"qgWj_x61xpy",0.0170025352059406,73175,"t",4.6,NA,"secondary data",59584,0.0158113220296003,TRUE,4.6,4.5999371365708,4.6,"direct_stat",4.6,TRUE,1.49800951434329,0.0138917320203122,27148,40669,40667.9622953916,1.4650962649684,TRUE
"rjb_single-trace",0.172747895837503,174,"t",2.28,169,"new data",813,0.162596844673202,TRUE,2.28,2.30014766698593,2.28,"direct_stat",2.28,TRUE,2.51259891196855,0.108981098823519,260,658,653.275717111823,1.2355623100304,TRUE
"rpq_single-trace",0.520582258428718,48,"t",4.18,47,"new data",55,-0.349370452308209,TRUE,4.18,4.13529283225634,4.18,"direct_stat",4.18,TRUE,1.56776637192707,0.415765731511266,26,43,40.7619256701037,1.27906976744186,TRUE
"vGqL_single-trace",0.508784847386148,7840,NA,3.29052717000779,NA,"secondary data",6904,0.492590295886733,TRUE,NA,52.3223526726738,52.3223526726738,"r_conversion",52.3223526726738,TRUE,1.03296381920707,0.500600885675573,28,29,28.9229869377981,238.068965517241,TRUE
"w5dv_single-trace",0.262133207116811,173,"F",5.46,2,"new data",740,0.0793511242148036,FALSE,NA,3.55204547085578,3.55204547085578,"r_conversion",3.55204547085578,TRUE,1.7174436195497,0.200023396039161,112,194,192.353685389566,3.81443298969072,TRUE
"wRvv_bz6lqp",0.126870702316418,110732,"t",33.438,NA,"secondary data",90130,0.139216896272995,TRUE,33.438,42.5615729190972,33.438,"direct_stat",33.438,TRUE,1.05230558565448,0.123677416922919,485,510,510.368209042422,176.725490196078,TRUE
"wRvv_gld3y5",0.127273053346893,110732,"t",33.502,NA,"secondary data",89939,0.146537833365586,TRUE,33.502,42.6987692919496,33.502,"direct_stat",33.502,TRUE,1.05220178590421,0.124075760523825,482,507,507.161260805829,177.394477317554,TRUE
"wRvv_gxvxw2",0.0239985367107989,110732,"t",6.267,NA,"secondary data",89939,0.0105225320296691,TRUE,6.267,7.98808190740627,6.267,"direct_stat",6.267,TRUE,1.33431774810633,0.0207756744049927,13626,18182,18181.4136356968,4.94659553404466,TRUE
"wRvv_m328ro",0.0229784304469016,110732,"t",6,NA,"secondary data",90130,0.0346440044041273,TRUE,6,7.64834899176531,6,"direct_stat",6,TRUE,1.35293223550673,0.0197552412838531,14862,20109,20107.278884101,4.48207270376448,TRUE
"wRvv_m7zd6r",0.159465681386773,110732,"t",42.148,NA,"secondary data",90286,0.164611817876013,TRUE,42.148,53.7518242977475,42.148,"direct_stat",42.148,TRUE,1.04116532669523,0.156281432941264,306,319,318.596589968739,283.028213166144,TRUE
"wRvv_single-trace",0.131804697998475,110732,"t",34.6938775510204,NA,"secondary data",17134,0.15979913710646,TRUE,34.6938775510204,44.245497065816,34.6938775510204,"direct_stat",34.6938775510204,TRUE,1.0503412978171,0.128607314472894,449,472,471.603242719876,36.3008474576271,TRUE
"x0pA_single-trace",-0.10304075339612,8808,"z",-9.72222222222222,NA,"secondary data",1980,-0.191268562697589,TRUE,-9.72222222222222,-9.72111836502624,-9.72222222222222,"direct_stat",9.72222222222222,TRUE,1.19852299935246,-0.0941208496951634,737,883,883.311450522766,2.24235560588901,TRUE
"x3KP_single-trace",-0.317744699554345,85,"z",-3.08957455199006,NA,"new data",101,-0.56,TRUE,-3.08957455199006,-3.05301025165671,-3.08957455199006,"direct_stat",3.08957455199006,TRUE,1.8889600886594,-0.231188870750042,75,144,141.672006649455,0.701388888888889,FALSE
"xYbO_single-trace",0.1810787090119,368,"F",6.17,2,"new data",1502,0.0403721709285555,FALSE,NA,3.52247103576484,3.52247103576484,"r_conversion",3.52247103576484,TRUE,1.72643366419495,0.137813715515851,237,411,409.164778414204,3.65450121654501,TRUE
"xvrb_single-trace",0.480413469262962,276,"chi_squared",63.7,3,"new data",247,0.241763092122331,TRUE,NA,9.0671332991591,9.0671332991591,"r_conversion",9.0671332991591,TRUE,1.21510585493606,0.435820965404699,31,39,37.6682815030179,6.33333333333333,TRUE
"y3R4_single-trace",0.142098427854801,200,"t",2.02,198,"new data",2060,-0.0292169848808828,FALSE,2.02,2.02,2.02,"direct_stat",2.02,TRUE,2.93854890209954,0.0828939456073111,386,1140,1134.27987621042,1.80701754385965,TRUE
"yAPR_single-trace",0.0269841126359832,3617,"t",2.87874921313467,11373,"secondary data",8227,0.0088058291002208,FALSE,2.87874921313467,1.62300726373444,2.87874921313467,"direct_stat",2.87874921313467,TRUE,1.99696768423385,0.0190951301362408,10777,21523,21521.3207329882,0.382242252474097,FALSE
"yDyG_single-trace",0.168145067828918,189,"z",2.345,NA,"new data",855,0.0479017983359591,TRUE,2.345,2.33255959393522,2.345,"direct_stat",2.345,TRUE,2.43303787742186,0.107797750385261,275,673,669.08541629101,1.2704309063893,TRUE
"yJwG_single-trace",0.671596683337955,28,"t",4.71,27,"new data",26,0.710302258443138,TRUE,4.71,4.62195485337824,4.71,"direct_stat",4.71,TRUE,1.48246289710228,0.551590307734055,15,23,22.2369434565341,1.1304347826087,TRUE
"yQeR_single-trace",0.140452911289756,2293,"t",6.79,2291,"secondary data",2320,0.0553096606492884,TRUE,6.79,6.79,6.79,"direct_stat",6.79,TRUE,1.30299370991519,0.123043757761245,395,516,514.6825154165,4.49612403100775,TRUE
"yypJ_single-trace",-0.509999968959098,138,"t",-6.88891,135,"new data",68,0.369429744899031,FALSE,-6.88891,-6.91437740663215,-6.88891,"direct_stat",6.88891,TRUE,1.29771584506934,-0.447693043335523,28,37,36.3360436619414,1.83783783783784,TRUE
"z4dO_single-trace",0.1647657965647,19296,"t",3.89140837028666,19284,"secondary data",18558,0.247447947186956,TRUE,3.89140837028666,23.2035673733576,3.89140837028666,"direct_stat",3.89140837028666,TRUE,1.62807557446081,0.129130782256194,286,468,465.629614295793,39.6538461538462,TRUE
"zK2_single-trace",0.219418282462816,1607,"t",9.01,1605,"new data",372,0.250162570282519,TRUE,9.01,9.01,9.01,"direct_stat",9.01,TRUE,1.21668413904604,0.198922490503348,160,196,194.669462247366,1.89795918367347,TRUE
"zN22_single-trace",0.331241430782435,40,"F",4.56,1,"new data",158,0.0894463682127018,FALSE,2.13541565040626,2.1640802303157,2.13541565040626,"direct_stat",2.13541565040626,TRUE,2.72417057309727,0.200690818056275,69,192,187.967769543711,0.822916666666667,FALSE
"zNEm_single-trace",0.611432785788395,27,"t",3.94,26,"new data",78,0.111403894867992,FALSE,3.94,3.86348786222223,3.94,"direct_stat",3.94,TRUE,1.61704992368636,0.48082496461526,18,31,29.1068986263546,2.51612903225806,TRUE
"zb3Y_b66y26",0.0457374490003292,236,"t",3.84,NA,"secondary data",222,0.0480579857534412,TRUE,3.84,0.700381387282092,3.84,"direct_stat",3.84,TRUE,1.64017225588151,0.0357130718523773,3749,6151,6149.00578729979,0.0360916924077386,FALSE
"zb3Y_bqw6wo",0.0619581037091928,236,"t",5.47,NA,"secondary data",222,0.0717821709078906,TRUE,5.47,0.949601159704642,5.47,"direct_stat",5.47,TRUE,1.39674417113988,0.0524251502039699,2042,2853,2852.15159746763,0.0778128286014721,FALSE
"zb3Y_bzyz9k",0.123059523156735,236,"t",10.4,NA,"secondary data",222,0.205231339076317,TRUE,10.4,1.89686625722233,10.4,"direct_stat",10.4,TRUE,1.18385416465792,0.113100916648844,516,611,610.868748963487,0.363338788870704,FALSE
"zb3Y_gl7j22",0.115357371662951,236,"t",9.74,NA,"secondary data",222,0.192273419032331,TRUE,9.74,1.77648820628322,9.74,"direct_stat",9.74,TRUE,1.19810846880803,0.105389485272735,587,704,703.289671190315,0.315340909090909,FALSE
"zb3Y_m3dy4j",0.206215654174573,236,"t",18.57,NA,"secondary data",222,0.397095640944263,TRUE,18.57,3.22378309610881,18.57,"direct_stat",18.57,TRUE,1.09719991124219,0.196869640537069,182,200,199.690383846079,1.11,TRUE
"zb3Y_mp3lzw",0.04636624837803,236,"t",4.09,NA,"secondary data",222,0.0667573692231553,TRUE,4.09,0.710030848846798,4.09,"direct_stat",4.09,TRUE,1.58530668155109,0.0368252167995298,3648,5785,5783.19877429836,0.0383751080380294,FALSE
"zb3Y_mw9jx3",0.343980878559509,236,"t",32.28,NA,"secondary data",222,0.398716077002878,TRUE,32.28,5.60386205397913,32.28,"direct_stat",32.28,TRUE,1.05425766716935,0.335012427154963,64,67,67.4724906988381,3.3134328358209,TRUE
"zb3Y_single-trace",0.0457374489991547,236,"t",3.84,NA,"secondary data",225,0.244360484156161,TRUE,3.84,0.700381387264068,3.84,"direct_stat",3.84,TRUE,1.64017225588151,0.0357130718514602,3749,6151,6149.00578729979,0.0365794179808161,FALSE
"zekm_single-trace",0.132615456219052,229,"t",1.970956,217,"new data",471,0.131082252214725,TRUE,1.970956,2.01585825193772,1.970956,"direct_stat",1.970956,TRUE,3.0458496525247,0.0759871074107002,444,1357,1352.35724572097,0.347089167280766,FALSE
"zlBL_9k761j",-0.0503120032348288,4458,"t",-3.36086267815811,NA,"secondary data",4971,-0.0181204229673633,FALSE,-3.36086267815811,-3.36274984921937,-3.36086267815811,"direct_stat",3.36086267815811,TRUE,1.7797620874463,-0.0377129611789876,3098,5516,5513.70294690863,0.901196519216824,FALSE
"zlBL_bv7vrq",0.0522863078483319,4458,"t",3.49310174270316,NA,"secondary data",4971,0.0385756867847429,TRUE,3.49310174270316,3.49506316783538,3.49310174270316,"direct_stat",3.49310174270316,TRUE,1.73558382027316,0.0396885451286487,2868,4980,4977.65439654342,0.998192771084337,FALSE
"zlBL_g7jwq5",0.0257568730659733,4458,"t",1.7183816796552,NA,"secondary data",4971,0.0315499044339642,TRUE,1.7183816796552,1.71992629271282,1.7183816796552,"direct_stat",1.7183816796552,TRUE,3.84129242488722,0.0131417878730754,11828,45444,45434.806801566,0.109387377871666,FALSE
"zlBL_md2wdj",-0.0219638901323568,4458,"t",-1.46519838641943,NA,"secondary data",4971,-0.0532592292531808,TRUE,-1.46519838641943,-1.4665154189428,-1.46519838641943,"direct_stat",1.46519838641943,TRUE,5.52093296425286,-0.00934766254257123,16267,89823,89809.0165295013,0.0553421729401156,FALSE
"zlBL_mo9wrp",-0.047560705529292,4458,"t",-3.17664609534585,NA,"secondary data",4971,-0.0679626625644632,TRUE,-3.17664609534585,-3.17842982623791,-3.17664609534585,"direct_stat",3.17664609534585,TRUE,1.85077936625082,-0.0349599629675674,3467,6419,6416.65206279158,0.774419691540738,FALSE
"zlBL_single-trace",-0.0502725873984653,4458,"z",-3.36086267815811,NA,"secondary data",6126.243,0.00384184969039739,FALSE,-3.36086267815811,-3.3601086988602,-3.36086267815811,"direct_stat",3.36086267815811,TRUE,1.7797620874463,-0.0376834157860189,3103,5525,5522.60175734587,1.10882226244344,TRUE
"zlm2_single-trace",0.751006339440224,29,"t",5.91,27,"new data",79,0.0553485138474047,FALSE,5.91,5.91,5.91,"direct_stat",5.91,TRUE,1.35968039679698,0.644058305291195,11,16,14.9564843647668,4.9375,TRUE
"zmYY_g82z5k",0.132052747564986,813,"z",4.49462365591398,NA,"secondary data",785,0.0732920606927948,TRUE,4.49462365591398,3.79383004011267,4.49462365591398,"direct_stat",4.49462365591398,TRUE,1.51386359759388,0.107325783794371,447,679,676.697028124466,1.15611192930781,TRUE
"zmYY_moyz3d",0.195008277035205,430,"z",4.8785046728972,NA,"secondary data",619,0.114143227966267,TRUE,4.8785046728972,4.11333201273316,4.8785046728972,"direct_stat",4.8785046728972,TRUE,1.46043095981484,0.161366184287586,204,299,297.927915802227,2.07023411371237,TRUE
"zmYY_single-trace",0.132052747564986,813,"z",4.49462365591398,NA,"secondary data",1384,-0.00208130562429774,FALSE,4.49462365591398,3.79383004011267,4.49462365591398,"direct_stat",4.49462365591398,TRUE,1.51386359759388,0.107325783794371,447,679,676.697028124466,2.03829160530191,TRUE
"zqwm_single-trace",-0.00223525688932862,7977660,"z",-6.31344336022082,NA,"secondary data",49196731,-0.001755917314829,TRUE,-6.31344336022082,-6.31344256883039,-6.31344336022082,"direct_stat",6.31344336022082,TRUE,1.3312776309252,-0.00193728325541559,1570909,2091317,2091316.01191908,23.5242820672332,TRUE
